task,test_loss,test_accuracy,test_precision,test_recall,test_f1,test_roc_auc,test_bs,test_bs_mcb,test_bs_dsc,test_bs_unc,test_balanced_accuracy,test_task_accuracy,test_runtime,test_samples_per_second,test_steps_per_second,instance_count,test_conf_distribution_accuracy,test_conf_distribution_precision,test_conf_distribution_recall,test_conf_distribution_f1,test_conf_distribution_roc_auc,test_conf_distribution_bs,test_conf_distribution_bs_mcb,test_conf_distribution_bs_dsc,test_conf_distribution_bs_unc,test_conf_distribution_balanced_accuracy,test_conf_normalized_accuracy,test_conf_normalized_precision,test_conf_normalized_recall,test_conf_normalized_f1,test_conf_normalized_roc_auc,test_conf_normalized_bs,test_conf_normalized_bs_mcb,test_conf_normalized_bs_dsc,test_conf_normalized_bs_unc,test_conf_normalized_balanced_accuracy,test_conf_absolute_accuracy,test_conf_absolute_precision,test_conf_absolute_recall,test_conf_absolute_f1,test_conf_absolute_roc_auc,test_conf_absolute_bs,test_conf_absolute_bs_mcb,test_conf_absolute_bs_dsc,test_conf_absolute_bs_unc,test_conf_absolute_balanced_accuracy
abstract_narrative_understanding,0.635569155216217,0.663414634146341,0.0,0.0,0.0,0.550511508951406,0.22183508232464302,0.009286478577736,0.010747053599910001,0.22329565734681703,0.5,0.336585365853658,4.6042000000000005,44.525,5.647,205.0,0.663414634146341,0.0,0.0,0.0,0.5,0.22329565734681703,0.0,0.0,0.22329565734681703,0.5,0.45365853658536504,0.372781065088757,0.9130434782608691,0.529411764705882,0.700873827791986,0.3883044803042,0.20252210064966,0.037513277692277004,0.22329565734681703,0.566815856777493,0.663414634146341,0.0,0.0,0.0,0.576300085251491,0.32735686657720303,0.125523390106549,0.021462180876162,0.22329565734681703,0.5
analogical_similarity,0.540529251098632,0.769230769230769,0.0,0.0,0.0,0.46666666666666606,0.17762766824980902,0.00011287535040100001,2.775557561562891e-17,0.17751479289940802,0.5,0.23076923076923,1.5674000000000001,41.471,5.742,65.0,0.769230769230769,0.0,0.0,0.0,0.5,0.17751479289940802,0.0,0.0,0.17751479289940802,0.5,0.384615384615384,0.25490196078431304,0.866666666666666,0.39393939393939303,0.5546666666666661,0.40385340736290004,0.24147203394704403,0.015133419483552001,0.17751479289940802,0.553333333333333,0.769230769230769,0.0,0.0,0.0,0.49066666666666603,0.22816921927011102,0.069479760580652,0.018825334209949002,0.17751479289940802,0.5
auto_categorization,0.21150015294551802,0.9242424242424241,0.0,0.0,0.0,0.790322580645161,0.057925792508027006,0.009639903915114,0.008647077430962,0.05693296602387501,0.491935483870967,0.060606060606060004,1.5809000000000002,41.747,5.693,66.0,0.9393939393939391,0.0,0.0,0.0,0.5,0.05693296602387501,0.0,0.0,0.05693296602387501,0.5,0.07575757575757501,0.06153846153846101,1.0,0.11594202898550701,0.6129032258064511,0.8854450299822391,0.829500974038183,0.0009889100798190001,0.05693296602387501,0.508064516129032,0.9393939393939391,0.0,0.0,0.0,0.979838709677419,0.050122007164579006,0.029919986962558,0.036730945821854,0.05693296602387501,0.5
cause_and_effect,0.7270537614822381,0.48387096774193505,0.482758620689655,0.9333333333333331,0.636363636363636,0.48333333333333306,0.26603107512947904,0.02879989233378,0.012508671522719,0.24973985431841803,0.49791666666666606,0.48387096774193505,0.7847000000000001,39.504,5.097,31.0,0.5161290322580641,0.0,0.0,0.0,0.5,0.24973985431841803,0.0,0.0,0.24973985431841803,0.5,0.48387096774193505,0.48387096774193505,1.0,0.652173913043478,0.55,0.371035859024333,0.15961112784153703,0.038315123135622006,0.24973985431841803,0.5,0.5161290322580641,0.0,0.0,0.0,0.4,0.38831942384230306,0.154064431522795,0.015484861998909001,0.24973985431841803,0.5
chess_state_tracking,0.6713286638259881,0.5637254901960781,0.522058823529411,0.747368421052631,0.614718614718614,0.6106228874939641,0.239397365715554,0.011671728063445,0.021096930590874002,0.24882256824298302,0.5755190729116361,0.46568627450980304,4.6206,44.15,5.627,204.0,0.5343137254901961,0.0,0.0,0.0,0.5,0.24882256824298302,0.0,0.0,0.24882256824298302,0.5,0.436274509803921,0.37179487179487103,0.305263157894736,0.335260115606936,0.34534041525832904,0.340993827022922,0.09217125877993801,0.0,0.24882256824298302,0.42786093674553305,0.5343137254901961,0.0,0.0,0.0,0.580878802510864,0.46566305363445604,0.23042708383804103,0.013586598446568001,0.24882256824298302,0.5
common_morpheme,0.6476696133613581,0.7000000000000001,0.0,0.0,0.0,0.33333333333333304,0.22635397521225703,0.016830165688447002,0.00047619047619000006,0.20999999999999902,0.5,0.30000000000000004,0.3305,30.257,6.051,10.0,0.7000000000000001,0.0,0.0,0.0,0.5,0.20999999999999902,0.0,0.0,0.20999999999999902,0.5,0.4,0.33333333333333304,1.0,0.5,0.23809523809523803,0.514068641974701,0.314068641974701,0.009999999999999001,0.20999999999999902,0.5714285714285711,0.7000000000000001,0.0,0.0,0.0,0.5238095238095231,0.29597114540962505,0.112637812076292,0.026666666666666002,0.20999999999999902,0.5
conceptual_combinations,0.7429875135421751,0.42857142857142805,0.0,0.0,0.0,0.6944444444444441,0.27465392160080604,0.142785789732674,0.11302982731554101,0.24489795918367302,0.5,0.5714285714285711,0.55,38.183,5.455,21.0,0.5714285714285711,0.5714285714285711,1.0,0.7272727272727271,0.5,0.24489795918367302,0.0,0.0,0.24489795918367302,0.5,0.5714285714285711,0.6153846153846151,0.6666666666666661,0.64,0.6296296296296291,0.23369680255541503,0.038685464686935005,0.049886621315192003,0.24489795918367302,0.555555555555555,0.42857142857142805,0.0,0.0,0.0,0.388888888888888,0.475029359456252,0.232965867392759,0.0028344671201810004,0.24489795918367302,0.5
crash_blossom,0.719533801078796,0.25,0.14285714285714202,1.0,0.25,1.0,0.26327459876811204,0.26327459876811204,0.109375,0.109375,0.5714285714285711,0.125,0.25220000000000004,31.72,3.965,8.0,0.875,0.0,0.0,0.0,0.5,0.109375,0.0,0.0,0.109375,0.5,1.0,1.0,1.0,1.0,1.0,0.17548575107973202,0.17548575107973202,0.109375,0.109375,1.0,0.875,0.0,0.0,0.0,1.0,0.095444511770068,0.095444511770068,0.109375,0.109375,0.5
cryobiology_spanish,0.592296063899993,0.6551724137931031,0.8125,0.65,0.7222222222222221,0.7555555555555551,0.202924972476722,0.05694796098246901,0.06805390408244101,0.21403091557669401,0.6583333333333331,0.689655172413793,0.7302000000000001,39.714,5.478,29.0,0.689655172413793,0.689655172413793,1.0,0.816326530612244,0.5,0.21403091557669401,0.0,0.0,0.21403091557669401,0.5,0.689655172413793,0.689655172413793,1.0,0.816326530612244,0.39444444444444404,0.289456320601077,0.084351081013079,0.008925675988696001,0.21403091557669401,0.5,0.344827586206896,1.0,0.05,0.09523809523809501,0.672222222222222,0.55618050944442,0.40028970484671805,0.058140110978993007,0.21403091557669401,0.525
cs_algorithms,0.13469499349594102,0.9638554216867471,0.9666666666666661,0.9354838709677411,0.950819672131147,0.989609181141439,0.032818476519206004,0.008174445851079001,0.209352195199197,0.23399622586732402,0.9581265508684861,0.37349397590361405,3.7564,44.191,5.59,166.0,0.626506024096385,0.0,0.0,0.0,0.5,0.23399622586732402,0.0,0.0,0.23399622586732402,0.5,0.638554216867469,0.508771929824561,0.9354838709677411,0.6590909090909091,0.788306451612903,0.253938977847373,0.09597084156598401,0.076028089585935,0.23399622586732402,0.6985111662531011,0.626506024096385,0.0,0.0,0.0,0.385700992555831,0.35706598250487903,0.13591823361458102,0.012848476977026001,0.23399622586732402,0.5
date_understanding,0.582055330276489,0.6756756756756751,0.6666666666666661,0.883720930232558,0.759999999999999,0.7689422355588891,0.19843939753877401,0.029520478619855003,0.074506939371803,0.24342585829072302,0.6354088522130531,0.581081081081081,1.7586,42.078,5.686,74.0,0.581081081081081,0.581081081081081,1.0,0.7350427350427351,0.5,0.24342585829072302,0.0,0.0,0.24342585829072302,0.5,0.648648648648648,0.639344262295082,0.9069767441860461,0.75,0.746436609152288,0.22334077197934102,0.044257340721997,0.064342427033378,0.24342585829072302,0.598649662415603,0.418918918918918,0.0,0.0,0.0,0.6691672918229551,0.5557497117962811,0.35988852803187105,0.047564674526313,0.24342585829072302,0.5
dyck_languages,0.321890711784362,0.845,0.805555555555555,0.547169811320754,0.651685393258427,0.9235014760621231,0.104324762136745,0.017824762136745,0.10827499999999901,0.194775,0.749775381850853,0.265,4.493,44.514,5.564,200.0,0.735,0.0,0.0,0.0,0.5,0.194775,0.0,0.0,0.194775,0.5,0.75,0.527272727272727,0.547169811320754,0.5370370370370371,0.7156975997946341,0.18949178968921201,0.036983831184302006,0.04226704149509,0.194775,0.685149531510717,0.735,0.0,0.0,0.0,0.487742266718007,0.24057566615464002,0.05567029531065001,0.009869629156010001,0.194775,0.5
emojis_emotion_prediction,0.43382954597473106,1.0,0.0,0.0,0.0,,0.12398172137829801,0.12398172137829801,0.0,0.0,1.0,0.0,0.10690000000000001,18.704,9.352,2.0,1.0,0.0,0.0,0.0,,0.0,0.0,0.0,0.0,1.0,1.0,0.0,0.0,0.0,,0.10972125410286401,0.10972125410286401,0.0,0.0,1.0,1.0,0.0,0.0,0.0,,0.01599712038134,0.01599712038134,0.0,0.0,1.0
english_proverbs,0.6446648240089411,0.7142857142857141,0.5,0.5,0.5,0.6000000000000001,0.226031085726691,0.11174537484695601,0.089795921773326,0.204081632653061,0.65,0.28571428571428503,0.2394,29.242,4.177,7.0,0.7142857142857141,0.0,0.0,0.0,0.5,0.204081632653061,0.0,0.0,0.204081632653061,0.5,0.42857142857142805,0.25,0.5,0.33333333333333304,0.399999999999999,0.32906894492388705,0.138592754447696,0.013605442176870002,0.204081632653061,0.45,0.7142857142857141,0.0,0.0,0.0,0.0,0.27883833184987,0.07475669919680901,0.0,0.204081632653061,0.5
english_russian_proverbs,0.45491227507591203,0.875,0.0,0.0,0.0,0.10714285714285701,0.13673349333134602,0.028400159998012,0.001041666666666,0.109375,0.5,0.125,0.4238,37.758,4.72,16.0,0.875,0.0,0.0,0.0,0.5,0.109375,0.0,0.0,0.109375,0.5,0.1875,0.133333333333333,1.0,0.23529411764705802,0.535714285714285,0.5270317741731301,0.42911510750646403,0.011458333333333001,0.109375,0.535714285714285,0.875,0.0,0.0,0.0,0.75,0.12269679573198301,0.068009295731983,0.0546875,0.109375,0.5
entailed_polarity,0.17707064747810303,0.9666666666666661,0.9666666666666661,1.0,0.983050847457627,0.9310344827586201,0.038245275252301,0.016023053030078,0.009999999999999001,0.032222222222222,0.5,0.9666666666666661,0.7597,39.488,5.265,30.0,0.9666666666666661,0.9666666666666661,1.0,0.983050847457627,0.5,0.032222222222222,0.0,0.0,0.032222222222222,0.5,0.9666666666666661,0.9666666666666661,1.0,0.983050847457627,0.7241379310344821,0.10038035170208101,0.070750722072451,0.002592592592592,0.032222222222222,0.5,0.033333333333333,0.0,0.0,0.0,0.9310344827586201,0.936653715032825,0.9144314928106021,0.009999999999999001,0.032222222222222,0.5
entailed_polarity_hindi,0.654043555259704,0.642857142857142,0.642857142857142,1.0,0.7826086956521741,0.383333333333333,0.23062599606991602,0.016340281784201,0.015306122448979002,0.22959183673469302,0.5,0.642857142857142,0.6887,40.655,5.808,28.0,0.642857142857142,0.642857142857142,1.0,0.7826086956521741,0.5,0.22959183673469302,0.0,0.0,0.22959183673469302,0.5,0.642857142857142,0.642857142857142,1.0,0.7826086956521741,0.527777777777777,0.22972132011024501,0.01245941534834,0.012329931972789001,0.22959183673469302,0.5,0.35714285714285704,0.0,0.0,0.0,0.494444444444444,0.600023495228953,0.39174018190362303,0.021308523409363,0.22959183673469302,0.5
fact_checker,0.6255030632019041,0.6606060606060601,0.664634146341463,0.9909090909090911,0.7956204379562041,0.635702479338843,0.21760045193009503,0.016427058700547,0.021048828992674,0.22222222222222202,0.49545454545454504,0.6666666666666661,3.7325,44.207,5.626,165.0,0.6666666666666661,0.6666666666666661,1.0,0.8,0.5,0.22222222222222202,0.0,0.0,0.22222222222222202,0.5,0.6666666666666661,0.6666666666666661,1.0,0.8,0.704297520661157,0.19481874528839802,0.016632946412944,0.044036423346768,0.22222222222222202,0.5,0.33333333333333304,0.0,0.0,0.0,0.6104132231404951,0.662988101106152,0.458909078941006,0.018143200057075003,0.22222222222222202,0.5
fantasy_reasoning,0.674620747566223,0.525,0.65625,0.7241379310344821,0.6885245901639341,0.401253918495297,0.24136965013938702,0.04629389256363001,0.004299242424242,0.19937500000000002,0.36206896551724105,0.725,0.9629000000000001,41.539,5.192,40.0,0.725,0.725,1.0,0.840579710144927,0.5,0.19937500000000002,0.0,0.0,0.19937500000000002,0.5,0.725,0.725,1.0,0.840579710144927,0.5579937304075231,0.21430628225085901,0.032937234631811,0.018005952380952,0.19937500000000002,0.5,0.275,0.0,0.0,0.0,0.45768025078369906,0.6505840628089771,0.47100816995183403,0.019799107142857,0.19937500000000002,0.5
figure_of_speech_detection,0.577195823192596,0.75,0.0,0.0,0.0,0.6000000000000001,0.19421426753523702,0.08310315642412601,0.027777777777777003,0.138888888888888,0.45,0.16666666666666602,0.3599,33.345,5.558,12.0,0.833333333333333,0.0,0.0,0.0,0.5,0.138888888888888,0.0,0.0,0.138888888888888,0.5,0.833333333333333,0.5,0.5,0.5,0.6000000000000001,0.166772669664168,0.09269859559009301,0.064814814814814,0.138888888888888,0.7000000000000001,0.833333333333333,0.0,0.0,0.0,0.9,0.127448566784146,0.07189301122859,0.08333333333333301,0.138888888888888,0.5
general_knowledge,0.579020380973815,0.642857142857142,0.6666666666666661,0.33333333333333304,0.44444444444444403,0.895833333333333,0.195302850523478,0.10601713623776401,0.15561224489795902,0.24489795918367302,0.6041666666666661,0.42857142857142805,0.4116,34.013,4.859,14.0,0.5714285714285711,0.0,0.0,0.0,0.5,0.24489795918367302,0.0,0.0,0.24489795918367302,0.5,0.5714285714285711,0.5,0.5,0.5,0.625,0.235676431450341,0.059656023287075005,0.068877551020408,0.24489795918367302,0.5625,0.642857142857142,1.0,0.16666666666666602,0.28571428571428503,0.7916666666666661,0.254787412923206,0.126215984351778,0.116326530612244,0.24489795918367302,0.583333333333333
goal_step_wikihow,0.6664485335350031,0.590243902439024,0.338983050847457,0.30769230769230704,0.32258064516129004,0.5238461538461531,0.23693565689056603,0.024630706519008002,0.004232824762290001,0.216537775133848,0.5145604395604391,0.31707317073170704,4.6025,44.541,5.649,205.0,0.6829268292682921,0.0,0.0,0.0,0.5,0.216537775133848,0.0,0.0,0.216537775133848,0.5,0.434146341463414,0.32885906040268403,0.753846153846153,0.457943925233644,0.48439560439560403,0.361167387672641,0.15022963417093801,0.005600021632145001,0.216537775133848,0.519780219780219,0.678048780487804,0.0,0.0,0.0,0.542527472527472,0.262507036674485,0.052188002680208005,0.0062187411395710004,0.216537775133848,0.49642857142857105
gre_reading_comprehension,0.579788863658905,0.833333333333333,0.0,0.0,0.0,0.0,0.193561003965446,0.054672115076557004,-2.775557561562891e-17,0.138888888888888,0.5,0.16666666666666602,0.226,26.554,4.426,6.0,0.833333333333333,0.0,0.0,0.0,0.5,0.138888888888888,0.0,0.0,0.138888888888888,0.5,0.33333333333333304,0.0,0.0,0.0,0.199999999999999,0.415346526950706,0.28201319361737304,0.005555555555555001,0.138888888888888,0.2,0.833333333333333,0.0,0.0,0.0,0.0,0.17283897242321802,0.033950083534329004,0.0,0.138888888888888,0.5
hindu_knowledge,0.651363790035247,0.7428571428571421,0.7142857142857141,0.416666666666666,0.5263157894736841,0.5434782608695651,0.22928290821308503,0.046849045779223004,0.042872260015117,0.22530612244897902,0.6648550724637681,0.342857142857142,0.8572000000000001,40.832,5.833,35.0,0.657142857142857,0.0,0.0,0.0,0.5,0.22530612244897902,0.0,0.0,0.22530612244897902,0.5,0.48571428571428504,0.384615384615384,0.833333333333333,0.5263157894736841,0.655797101449275,0.28696472620132,0.10504664428323801,0.043388040530897,0.22530612244897902,0.568840579710145,0.7428571428571421,0.636363636363636,0.583333333333333,0.6086956521739131,0.648550724637681,0.2317358147646,0.054220286814289004,0.047790594498669,0.22530612244897902,0.704710144927536
hinglish_toxicity,0.665183186531066,0.6000000000000001,0.6000000000000001,1.0,0.7499999999999991,0.622395833333333,0.23624044787862003,0.022648010903829,0.026407563025209004,0.24000000000000002,0.5,0.6000000000000001,0.9758,40.992,5.124,40.0,0.6000000000000001,0.6000000000000001,1.0,0.7499999999999991,0.5,0.24000000000000002,0.0,0.0,0.24000000000000002,0.5,0.6000000000000001,0.6000000000000001,1.0,0.7499999999999991,0.505208333333333,0.26568636847459004,0.035130812919035005,0.009444444444444,0.24000000000000002,0.5,0.4,0.0,0.0,0.0,0.486979166666666,0.592084498534529,0.363978437928469,0.011893939393939,0.24000000000000002,0.5
human_organs_senses,0.692145764827728,0.5,0.5,0.25,0.33333333333333304,0.5625,0.25013795662355603,0.06263795662355501,0.0625,0.25,0.5,0.5,0.2718,29.435,3.6790000000000003,8.0,0.5,0.0,0.0,0.0,0.5,0.25,0.0,0.0,0.25,0.5,0.375,0.42857142857142805,0.75,0.5454545454545451,0.4375,0.300633209171266,0.06729987583793301,0.016666666666666,0.25,0.375,0.5,0.0,0.0,0.0,0.375,0.464487300295145,0.25020158600943104,0.035714285714285005,0.25,0.5
identify_math_theorems,0.615028321743011,0.7272727272727271,0.0,0.0,0.0,0.45833333333333304,0.21180888300339,0.029990701185208003,0.016528925619834,0.198347107438016,0.5,0.27272727272727204,0.3522,31.229,5.678,11.0,0.7272727272727271,0.0,0.0,0.0,0.5,0.198347107438016,0.0,0.0,0.198347107438016,0.5,0.45454545454545403,0.33333333333333304,1.0,0.5,0.75,0.34632696216025904,0.23723605306935003,0.089256198347107,0.198347107438016,0.625,0.7272727272727271,0.0,0.0,0.0,0.708333333333333,0.259421906531554,0.130634027743675,0.069559228650137,0.198347107438016,0.5
implicit_relations,0.507687866687774,0.8235294117647051,0.0,0.0,0.0,0.5,0.161914588888835,0.028581255555502002,0.011995386389850001,0.145328719723183,0.5,0.17647058823529402,0.4898,34.705,6.124,17.0,0.8235294117647051,0.0,0.0,0.0,0.5,0.145328719723183,0.0,0.0,0.145328719723183,0.5,0.8235294117647051,0.0,0.0,0.0,0.38095238095238004,0.171711811304223,0.039358870127752,0.012975778546712,0.145328719723183,0.5,0.8235294117647051,0.0,0.0,0.0,0.40476190476190405,0.17517603395722903,0.039429427622388005,0.009582113388341001,0.145328719723183,0.5
intent_recognition,0.49337625503540006,0.784172661870503,0.7560975609756091,0.861111111111111,0.805194805194805,0.8849502487562181,0.159889848314264,0.036104733183862,0.12589140264818002,0.24967651777858202,0.781301824212272,0.517985611510791,3.1619,43.96,5.693,139.0,0.517985611510791,0.517985611510791,1.0,0.682464454976303,0.5,0.24967651777858202,0.0,0.0,0.24967651777858202,0.5,0.7194244604316541,0.70886075949367,0.777777777777777,0.7417218543046351,0.8391376451077941,0.176402571752751,0.052680011339544,0.125953957365375,0.24967651777858202,0.717247097844112,0.8129496402877691,0.896551724137931,0.7222222222222221,0.799999999999999,0.8387230514096181,0.17634877766422102,0.044505071375722,0.11783281149008401,0.24967651777858202,0.8163349917081261
international_phonetic_alphabet_nli,0.7221853137016291,0.4,0.41176470588235203,0.583333333333333,0.482758620689655,0.35256410256410203,0.264406387679871,0.014806387679871,-8.326672684688674e-17,0.24960000000000002,0.40705128205128205,0.48,0.651,38.404,6.145,25.0,0.52,0.0,0.0,0.0,0.5,0.24960000000000002,0.0,0.0,0.24960000000000002,0.5,0.48,0.48,1.0,0.648648648648648,0.435897435897435,0.386782624104671,0.14937085939878902,0.012188235294117,0.24960000000000002,0.5,0.52,0.0,0.0,0.0,0.49358974358974306,0.33728753541426504,0.10414467827140801,0.016457142857142,0.24960000000000002,0.5
intersect_geometry,0.29655495285987804,0.857843137254901,0.0,0.0,0.0,0.8709359605911331,0.09296838663463601,0.029858883518499003,0.058838786003432,0.12194828911956901,0.5,0.142156862745098,4.5744,44.596,5.684,204.0,0.857843137254901,0.0,0.0,0.0,0.5,0.12194828911956901,0.0,0.0,0.12194828911956901,0.5,0.857843137254901,0.0,0.0,0.0,0.7466009852216741,0.11953752080963001,0.012964489705936002,0.015375258015874001,0.12194828911956901,0.5,0.857843137254901,0.0,0.0,0.0,0.7044334975369451,0.12012540826515301,0.010774659357268,0.012597540211684001,0.12194828911956901,0.5
known_unknowns,0.610503733158111,0.6666666666666661,0.8,0.6666666666666661,0.7272727272727271,0.7222222222222221,0.21026733959114302,0.071378450702254,0.08333333333333301,0.22222222222222202,0.6666666666666661,0.6666666666666661,0.32730000000000004,27.494,6.11,9.0,0.6666666666666661,0.6666666666666661,1.0,0.8,0.5,0.22222222222222202,0.0,0.0,0.22222222222222202,0.5,0.6666666666666661,0.6666666666666661,1.0,0.8,0.7222222222222221,0.270755125997291,0.131866237108402,0.08333333333333301,0.22222222222222202,0.5,0.33333333333333304,0.0,0.0,0.0,0.8888888888888891,0.35462596727043905,0.28055189319636503,0.148148148148148,0.22222222222222202,0.5
linguistic_mappings,0.24169437587261203,0.8652849740932641,0.7021276595744681,0.7333333333333331,0.717391304347826,0.949699699699699,0.07795834664635201,0.013338913115001001,0.11417731269002401,0.178796746221375,0.8193693693693691,0.23316062176165803,4.3531,44.336,5.743,193.0,0.766839378238341,0.0,0.0,0.0,0.5,0.178796746221375,0.0,0.0,0.178796746221375,0.5,0.23316062176165803,0.23316062176165803,1.0,0.378151260504201,0.5,0.766839378238341,0.588042632016966,0.0,0.178796746221375,0.5,0.7772020725388601,1.0,0.044444444444444,0.085106382978723,0.9864864864864861,0.14214577108255402,0.115309049945315,0.151960025084135,0.178796746221375,0.522222222222222
logical_args,0.6917319297790521,0.33333333333333304,0.0,0.0,0.0,0.5,0.24948187284328102,0.082815206176614,0.055555555555555004,0.22222222222222202,0.25,0.33333333333333304,0.21880000000000002,27.418,4.57,6.0,0.6666666666666661,0.0,0.0,0.0,0.5,0.22222222222222202,0.0,0.0,0.22222222222222202,0.5,0.6666666666666661,0.5,1.0,0.6666666666666661,0.5,0.300118995369323,0.133452328702657,0.055555555555555004,0.22222222222222202,0.75,0.6666666666666661,0.0,0.0,0.0,0.5,0.324630077775995,0.13018563333155,0.027777777777777003,0.22222222222222202,0.5
logical_deduction,0.6118426322937011,0.709183673469387,0.0,0.0,0.0,0.540893600908746,0.209054219450995,0.008257240740482001,0.005445212043339,0.20624219075385203,0.5,0.290816326530612,4.3947,44.599,5.689,196.0,0.709183673469387,0.0,0.0,0.0,0.5,0.20624219075385203,0.0,0.0,0.20624219075385203,0.5,0.46938775510204006,0.328467153284671,0.7894736842105261,0.46391752577319506,0.604442761580209,0.374521715869276,0.18434741918784803,0.016067894072424,0.20624219075385203,0.5638015903067021,0.709183673469387,0.0,0.0,0.0,0.510412722453616,0.286694836613898,0.086154383278414,0.005701737418368,0.20624219075385203,0.5
logical_sequence,0.6491482257843011,0.875,0.0,0.0,0.0,0.14285714285714202,0.228493464564505,0.12135060742164801,0.002232142857142,0.109375,0.5,0.125,0.26530000000000004,30.15,3.769,8.0,0.875,0.0,0.0,0.0,0.5,0.109375,0.0,0.0,0.109375,0.5,0.25,0.14285714285714202,1.0,0.25,0.8571428571428571,0.44129273663810803,0.37879273663810803,0.046875,0.109375,0.5714285714285711,0.875,0.0,0.0,0.0,0.8571428571428571,0.10520987794552401,0.04270987794552401,0.046875,0.109375,0.5
mathematical_induction,0.7929779887199401,0.5,0.36363636363636304,1.0,0.533333333333333,0.6000000000000001,0.29731683811512405,0.154459692419664,0.06122448695760101,0.204081632653061,0.65,0.28571428571428503,0.428,32.711,4.673,14.0,0.7142857142857141,0.0,0.0,0.0,0.5,0.204081632653061,0.0,0.0,0.204081632653061,0.5,0.28571428571428503,0.28571428571428503,1.0,0.44444444444444403,0.25,0.3591220120983,0.161319814296102,0.006279434850863,0.204081632653061,0.5,0.7142857142857141,0.0,0.0,0.0,0.25,0.24162298249362701,0.076787817658462,0.039246467817896,0.204081632653061,0.5
metaphor_understanding,0.667052805423736,0.574468085106383,0.8,0.17391304347826,0.28571428571428503,0.708333333333333,0.23729661251640102,0.041571888068272,0.054162102170250005,0.24988682661837902,0.566123188405797,0.48936170212765906,1.1201,41.961,5.357,47.0,0.51063829787234,0.0,0.0,0.0,0.5,0.24988682661837902,0.0,0.0,0.24988682661837902,0.5,0.7234042553191491,0.65625,0.9130434782608691,0.7636363636363631,0.775362318840579,0.22471249154275202,0.064749957206,0.089924292281627,0.24988682661837902,0.7273550724637681,0.51063829787234,0.0,0.0,0.0,0.621376811594202,0.44823038720378006,0.246832806895061,0.048489246309660006,0.24988682661837902,0.5
modified_arithmetic,0.43203085660934404,0.857843137254901,0.0,0.0,0.0,0.5974384236453201,0.129852130319932,0.012482357754081,0.004578516553718001,0.12194828911956901,0.5,0.142156862745098,4.5737,44.603,5.6850000000000005,204.0,0.857843137254901,0.0,0.0,0.0,0.5,0.12194828911956901,0.0,0.0,0.12194828911956901,0.5,0.142156862745098,0.142156862745098,1.0,0.24892703862660903,0.5,0.857843137254901,0.735894848135332,0.0,0.12194828911956901,0.5,0.936274509803921,1.0,0.551724137931034,0.711111111111111,0.9724137931034481,0.045039270293057,0.0229117918507,0.099820810677212,0.12194828911956901,0.775862068965517
multiemo,0.61892420053482,0.671717171717171,0.5890410958904111,0.945054945054945,0.725738396624472,0.770976686864537,0.214100352604278,0.038504151143816,0.072771312058566,0.24836751351902803,0.6921536407517711,0.45959595959595906,4.4688,44.307,5.594,198.0,0.54040404040404,0.0,0.0,0.0,0.5,0.24836751351902803,0.0,0.0,0.24836751351902803,0.5,0.57070707070707,0.525,0.6923076923076921,0.597156398104265,0.636746431138954,0.239093530183648,0.0176712570659,0.026945240401279002,0.24836751351902803,0.5797987059669301,0.5454545454545451,1.0,0.010989010989010001,0.021739130434782,0.47509499845948405,0.40366953527918703,0.15847317566813302,0.003171153907974,0.24836751351902803,0.505494505494505
nonsense_words_grammar,0.584510624408721,0.7000000000000001,0.6666666666666661,0.5,0.5714285714285711,0.833333333333333,0.198425483942358,0.08175881727569101,0.123333333333333,0.24000000000000002,0.6666666666666661,0.4,0.3316,30.152,6.03,10.0,0.6000000000000001,0.0,0.0,0.0,0.5,0.24000000000000002,0.0,0.0,0.24000000000000002,0.5,0.6000000000000001,0.5,1.0,0.6666666666666661,0.583333333333333,0.282552930140202,0.095886263473535,0.053333333333333004,0.24000000000000002,0.6666666666666661,0.6000000000000001,0.0,0.0,0.0,0.6666666666666661,0.324657123344398,0.157990456677731,0.073333333333333,0.24000000000000002,0.5
novel_concepts,0.640348970890045,0.6666666666666661,0.0,0.0,0.0,0.5,0.22384258905266602,0.09050925571933201,0.088888888888888,0.22222222222222202,0.5,0.33333333333333304,0.219,27.394,4.566,6.0,0.6666666666666661,0.0,0.0,0.0,0.5,0.22222222222222202,0.0,0.0,0.22222222222222202,0.5,0.33333333333333304,0.25,0.5,0.33333333333333304,0.375,0.391447119450182,0.191447119450182,0.022222222222222,0.22222222222222202,0.375,0.6666666666666661,0.0,0.0,0.0,0.5,0.333142031916072,0.138697587471628,0.027777777777777003,0.22222222222222202,0.5
odd_one_out,0.651025772094726,0.647058823529411,0.0,0.0,0.0,0.651515151515151,0.22840875434163202,0.08331071512594501,0.083275663206458,0.22837370242214503,0.5,0.35294117647058804,0.49470000000000003,34.363,6.064,17.0,0.647058823529411,0.0,0.0,0.0,0.5,0.22837370242214503,0.0,0.0,0.22837370242214503,0.5,0.7058823529411761,0.6666666666666661,0.33333333333333304,0.44444444444444403,0.636363636363636,0.21409315192439002,0.064360531603535,0.078641082101289,0.22837370242214503,0.621212121212121,0.647058823529411,0.0,0.0,0.0,0.56060606060606,0.24915308669002903,0.041309949435127,0.020530565167243,0.22837370242214503,0.5
operators,0.6262939572334291,0.738095238095238,1.0,0.15384615384615302,0.266666666666666,0.5358090185676391,0.215159227829494,0.030094292764559,0.028653885796742003,0.213718820861678,0.5769230769230761,0.30952380952380903,1.0374,40.486,5.784,42.0,0.69047619047619,0.0,0.0,0.0,0.5,0.213718820861678,0.0,0.0,0.213718820861678,0.5,0.30952380952380903,0.30952380952380903,1.0,0.47272727272727205,0.5,0.69047619047619,0.47675736961451204,0.0,0.213718820861678,0.5,0.7142857142857141,1.0,0.07692307692307601,0.14285714285714202,0.86472148541114,0.201660862938318,0.095179381456837,0.10723733938019601,0.213718820861678,0.538461538461538
persian_idioms,0.803443849086761,0.538461538461538,0.0,0.0,0.0,0.547619047619047,0.29623566859586403,0.09110746346765901,0.043392504930966004,0.248520710059171,0.5,0.461538461538461,0.39630000000000004,32.807,5.047,13.0,0.538461538461538,0.0,0.0,0.0,0.5,0.248520710059171,0.0,0.0,0.248520710059171,0.5,0.461538461538461,0.461538461538461,1.0,0.631578947368421,0.8095238095238091,0.281942636805649,0.16271186757488001,0.129289940828402,0.248520710059171,0.5,0.538461538461538,0.0,0.0,0.0,0.5238095238095231,0.43621734300679305,0.231089137878588,0.043392504930966004,0.248520710059171,0.5
phrase_relatedness,0.662163734436035,0.65,0.0,0.0,0.0,0.538461538461538,0.23429868707018703,0.023882020403520002,0.017083333333333003,0.227499999999999,0.5,0.35000000000000003,0.516,38.763,5.814,20.0,0.65,0.0,0.0,0.0,0.5,0.227499999999999,0.0,0.0,0.227499999999999,0.5,0.5,0.384615384615384,0.7142857142857141,0.5,0.582417582417582,0.324734868352749,0.12473486835274901,0.027499999999999,0.227499999999999,0.549450549450549,0.65,0.5,0.42857142857142805,0.461538461538461,0.5164835164835161,0.284350513838437,0.086136228124151,0.029285714285714002,0.227499999999999,0.598901098901098
physical_intuition,0.695566415786743,0.625,0.6000000000000001,0.75,0.6666666666666661,0.5625,0.25066401860660004,0.0319140186066,0.031249999999999,0.25,0.625,0.5,0.441,36.283,4.535,16.0,0.5,0.0,0.0,0.0,0.5,0.25,0.0,0.0,0.25,0.5,0.625,0.583333333333333,0.875,0.7000000000000001,0.65625,0.22829958176287002,0.040799581762870005,0.0625,0.25,0.625,0.625,0.75,0.375,0.5,0.578125,0.260400435296818,0.07810876863015201,0.06770833333333301,0.25,0.625
physics,0.70617926120758,0.565217391304347,0.0,0.0,0.0,0.532692307692307,0.25565340529157404,0.021134301207253,0.011227587787134001,0.245746691871455,0.5,0.43478260869565205,1.1059,41.595,5.425,46.0,0.565217391304347,0.0,0.0,0.0,0.5,0.245746691871455,0.0,0.0,0.245746691871455,0.5,0.630434782608695,0.5714285714285711,0.6000000000000001,0.585365853658536,0.657692307692307,0.23275010882288702,0.033900141094201,0.046896724142769006,0.245746691871455,0.626923076923076,0.565217391304347,0.0,0.0,0.0,0.601923076923076,0.381694928396392,0.162233230673824,0.026284994148888,0.245746691871455,0.5
play_dialog_same_or_different,0.657891452312469,0.6341463414634141,0.6341463414634141,1.0,0.7761194029850741,0.504615384615384,0.232527474999275,0.0036726477898710004,0.003149931862576,0.23200475907198,0.5,0.6341463414634141,4.5818,44.742,5.675,205.0,0.6341463414634141,0.6341463414634141,1.0,0.7761194029850741,0.5,0.23200475907198,0.0,0.0,0.23200475907198,0.5,0.6341463414634141,0.6341463414634141,1.0,0.7761194029850741,0.46666666666666606,0.24378860230875402,0.015070159861171,0.0032863166243980004,0.23200475907198,0.5,0.365853658536585,0.0,0.0,0.0,0.504102564102564,0.603778629925631,0.37608163180180404,0.0043077609481530004,0.23200475907198,0.5
presuppositions_as_nli,0.63057267665863,0.673469387755102,0.5,0.020833333333333003,0.039999999999999,0.6087962962962961,0.219396269981794,0.019277656697819,0.019789758227895003,0.21990837151187,0.505366161616161,0.32653061224489704,3.3519,43.855,5.668,147.0,0.673469387755102,0.0,0.0,0.0,0.5,0.21990837151187,0.0,0.0,0.21990837151187,0.5,0.45578231292517,0.35454545454545405,0.8125,0.49367088607594906,0.6178451178451171,0.292716919891214,0.09078906632401601,0.017980517944672002,0.21990837151187,0.547664141414141,0.6802721088435371,1.0,0.020833333333333003,0.040816326530612006,0.647095959595959,0.22494322076980303,0.03230107942786,0.027266230169926003,0.21990837151187,0.5104166666666661
qa_wikidata,0.40395188331604004,0.8097560975609751,0.7446808510638291,0.8235294117647051,0.782122905027933,0.8953921568627451,0.13198770706562402,0.014263233582879,0.12498819754640401,0.242712671029149,0.8117647058823521,0.414634146341463,4.592,44.643,5.662,205.0,0.585365853658536,0.0,0.0,0.0,0.5,0.242712671029149,0.0,0.0,0.242712671029149,0.5,0.424390243902439,0.417910447761194,0.9882352941176471,0.5874125874125871,0.479901960784313,0.561016071393719,0.320856689601881,0.002553289237311,0.242712671029149,0.5066176470588231,0.7512195121951221,0.9473684210526311,0.42352941176470504,0.585365853658536,0.9588235294117641,0.153244683264172,0.08817221949605601,0.17764020726103302,0.242712671029149,0.7034313725490191
question_selection,0.7019407749176021,0.556097560975609,0.0,0.0,0.0,0.45574879227053106,0.25417881598353204,0.015999408687929,0.008102567719268,0.246281975014872,0.49565217391304306,0.43902439024390205,4.6169,44.402,5.631,205.0,0.5609756097560971,0.0,0.0,0.0,0.5,0.246281975014872,0.0,0.0,0.246281975014872,0.5,0.5121951219512191,0.472527472527472,0.955555555555555,0.63235294117647,0.5716908212560381,0.34104340478641204,0.109284173098646,0.014522743327105,0.246281975014872,0.5603864734299511,0.5609756097560971,0.0,0.0,0.0,0.49439613526570003,0.438901787319719,0.195666966518449,0.003047154213602,0.246281975014872,0.5
reasoning_about_colored_objects,0.586815893650054,0.697560975609756,0.652777777777777,0.5595238095238091,0.6025641025641021,0.7608225108225101,0.199848569726811,0.020095334765523002,0.062102803111287005,0.24185603807257502,0.6764561196379371,0.40975609756097503,4.6088000000000005,44.481,5.641,205.0,0.590243902439024,0.0,0.0,0.0,0.5,0.24185603807257502,0.0,0.0,0.24185603807257502,0.5,0.6829268292682921,0.771428571428571,0.321428571428571,0.453781512605042,0.750393545848091,0.21470721812175503,0.030927152963423004,0.058075972914243004,0.24185603807257502,0.627656434474616,0.590243902439024,0.0,0.0,0.0,0.34474616292798105,0.39618443612025406,0.154921457317509,0.0005930592698300001,0.24185603807257502,0.5
riddle_sense,0.6582980155944821,0.7000000000000001,0.0,0.0,0.0,0.5625,0.232518879324168,0.09085221265750101,0.018333333333333,0.16,0.4375,0.2,0.33130000000000004,30.183,6.037,10.0,0.8,0.0,0.0,0.0,0.5,0.16,0.0,0.0,0.16,0.5,0.4,0.25,1.0,0.4,0.4375,0.454888132892429,0.312030990035286,0.017142857142857,0.16,0.625,0.8,0.0,0.0,0.0,0.5625,0.19383299219472103,0.06049965886138801,0.026666666666666002,0.16,0.5
ruin_names,0.6520777940750121,0.6333333333333331,0.0,0.0,0.0,0.5762892078681551,0.229886294311056,0.022740324812145003,0.025076252723311,0.23222222222222202,0.5,0.36666666666666603,2.0849,43.167,5.756,90.0,0.6333333333333331,0.0,0.0,0.0,0.5,0.23222222222222202,0.0,0.0,0.23222222222222202,0.5,0.34444444444444405,0.345238095238095,0.8787878787878781,0.495726495726495,0.56034024455077,0.400992821048179,0.19249414379950203,0.023723544973545,0.23222222222222202,0.45693779904306203,0.5666666666666661,0.2,0.060606060606060004,0.093023255813953,0.39340776182881404,0.32201230484626303,0.091300694359371,0.00151061173533,0.23222222222222202,0.46012759170653905
salient_translation_error_detection,0.518479526042938,0.79,0.0,0.0,0.0,0.706901748040988,0.16751075978564,0.027858983620628,0.026248223834988003,0.16590000000000002,0.5,0.21,4.4533000000000005,44.91,5.614,200.0,0.79,0.0,0.0,0.0,0.5,0.16590000000000002,0.0,0.0,0.16590000000000002,0.5,0.27,0.194117647058823,0.785714285714285,0.311320754716981,0.481615430982519,0.347104695526117,0.18195816802712,0.0007534725010030001,0.16590000000000002,0.459312839059674,0.79,0.0,0.0,0.0,0.5239602169981911,0.191542930650055,0.028706841828561,0.0030639111785060002,0.16590000000000002,0.5
sentence_ambiguity,0.7516980171203611,0.5,0.5454545454545451,0.8571428571428571,0.6666666666666661,0.457142857142857,0.27756180674635,0.06922847341301601,0.034722222222222,0.24305555555555503,0.42857142857142805,0.583333333333333,0.3768,31.845,5.307,12.0,0.583333333333333,0.583333333333333,1.0,0.7368421052631571,0.5,0.24305555555555503,0.0,0.0,0.24305555555555503,0.5,0.583333333333333,0.583333333333333,1.0,0.7368421052631571,0.228571428571428,0.293986392457704,0.050930836902148,0.0,0.24305555555555503,0.5,0.416666666666666,0.0,0.0,0.0,0.542857142857142,0.5658890005586581,0.399222333891991,0.076388888888888,0.24305555555555503,0.5
simp_turing_concept,0.6758954524993891,0.585365853658536,0.47272727272727205,0.658227848101265,0.55026455026455,0.595941330118545,0.239883047795716,0.020740053424849,0.017716018121697,0.23685901249256303,0.598955193891902,0.38536585365853604,4.6172,44.4,5.631,205.0,0.6146341463414631,0.0,0.0,0.0,0.5,0.23685901249256303,0.0,0.0,0.23685901249256303,0.5,0.38536585365853604,0.38536585365853604,1.0,0.556338028169014,0.5,0.6146341463414631,0.37777513384889905,0.0,0.23685901249256303,0.5,0.7219512195121951,1.0,0.278481012658227,0.43564356435643503,0.9488647779787021,0.158477226787859,0.07870053058014301,0.157082316284847,0.23685901249256303,0.639240506329113
strange_stories,0.656727075576782,0.75,0.785714285714285,0.6875,0.7333333333333331,0.72265625,0.23174794560491602,0.054424227656198004,0.072676282051281,0.25,0.75,0.5,0.7876000000000001,40.631,5.079,32.0,0.5,0.0,0.0,0.0,0.5,0.25,0.0,0.0,0.25,0.5,0.7187500000000001,0.652173913043478,0.9375,0.769230769230769,0.78515625,0.207012664641282,0.050514648768266,0.093501984126984,0.25,0.7187500000000001,0.5,0.0,0.0,0.0,0.6328125,0.38925464934311005,0.18699770489866602,0.047743055555555004,0.25,0.5
swahili_english_proverbs,0.7581182122230531,0.45161290322580605,0.0,0.0,0.0,0.40756302521008403,0.28133725850151403,0.034499813846232005,0.000821244210482,0.24765868886576403,0.5,0.5483870967741931,0.7642,40.564,5.234,31.0,0.5483870967741931,0.5483870967741931,1.0,0.708333333333333,0.5,0.24765868886576403,0.0,0.0,0.24765868886576403,0.5,0.5483870967741931,0.5483870967741931,1.0,0.708333333333333,0.630252100840336,0.35243351756248803,0.16175251397825802,0.056977685281535004,0.24765868886576403,0.5,0.45161290322580605,0.5,0.058823529411764004,0.105263157894736,0.5882352941176471,0.503875500867452,0.28702962273125104,0.030812810729564002,0.24765868886576403,0.49369747899159605
swedish_to_german_proverbs,0.713697612285614,0.5,0.0,0.0,0.0,0.673469387755102,0.259464878217654,0.09279821155098701,0.08333333333333301,0.25,0.5,0.5,0.4016,34.861,4.98,14.0,0.5,0.0,0.0,0.0,0.5,0.25,0.0,0.0,0.25,0.5,0.5,0.5,1.0,0.6666666666666661,0.448979591836734,0.422429904785648,0.17855235376524,0.006122448979591,0.25,0.5,0.5,0.0,0.0,0.0,0.693877551020408,0.46176975236774503,0.28319832379631604,0.07142857142857101,0.25,0.5
timedial,0.7207089066505431,0.5317073170731701,0.0,0.0,0.0,0.602589831804281,0.26289192837449504,0.03293945369553,0.019042171365056003,0.24899464604402102,0.5,0.468292682926829,4.6129999999999995,44.44,5.636,205.0,0.5317073170731701,0.0,0.0,0.0,0.5,0.24899464604402102,0.0,0.0,0.24899464604402102,0.5,0.541463414634146,0.505681818181818,0.927083333333333,0.654411764705882,0.6015863914373081,0.30062985153388,0.07367401312843301,0.022038807638574003,0.24899464604402102,0.564459097859327,0.5317073170731701,0.0,0.0,0.0,0.5166284403669721,0.453304734686561,0.20891146036125902,0.004601371718719,0.24899464604402102,0.5
undo_permutation,0.44165080785751304,0.766666666666666,0.7619047619047611,0.8888888888888881,0.82051282051282,0.840277777777777,0.148938758162092,0.01214388636722,0.103205128205128,0.24000000000000002,0.736111111111111,0.6000000000000001,1.4083,42.605,5.681,60.0,0.6000000000000001,0.6000000000000001,1.0,0.7499999999999991,0.5,0.24000000000000002,0.0,0.0,0.24000000000000002,0.5,0.6666666666666661,0.648148148148148,0.9722222222222221,0.777777777777777,0.836805555555555,0.22625746120128,0.092606667550487,0.10634920634920601,0.24000000000000002,0.590277777777777,0.4,0.0,0.0,0.0,0.677083333333333,0.575445752130047,0.39562432355861804,0.060178571428571005,0.24000000000000002,0.5
what_is_the_tao,0.691839098930358,0.42857142857142805,1.0,0.33333333333333304,0.5,0.5,0.24947969026674202,0.142336833123885,0.015306122448979002,0.12244897959183601,0.6666666666666661,0.8571428571428571,0.2218,31.564,4.509,7.0,0.8571428571428571,0.8571428571428571,1.0,0.923076923076923,0.5,0.12244897959183601,0.0,0.0,0.12244897959183601,0.5,0.8571428571428571,0.8571428571428571,1.0,0.923076923076923,0.6666666666666661,0.209069803194109,0.11383170795601401,0.027210884353741003,0.12244897959183601,0.5,0.14285714285714202,0.0,0.0,0.0,0.33333333333333304,0.7549039401941351,0.6406182259084211,0.008163265306122,0.12244897959183601,0.5
word_sorting,0.510756194591522,0.760975609756097,0.46511627906976705,0.9302325581395341,0.620155038759689,0.9137238013207001,0.169595490536772,0.08298442615026601,0.07914741271046001,0.165758477096966,0.8231409704277921,0.20975609756097502,4.5943000000000005,44.62,5.659,205.0,0.7902439024390241,0.0,0.0,0.0,0.5,0.165758477096966,0.0,0.0,0.165758477096966,0.5,0.20975609756097502,0.20975609756097502,1.0,0.346774193548387,0.5,0.7902439024390241,0.6244854253420581,0.0,0.165758477096966,0.5,0.8048780487804871,1.0,0.069767441860465,0.130434782608695,0.9692793568762561,0.13830426229512602,0.087716027001008,0.115170241802848,0.165758477096966,0.5348837209302321
total,0.5379000902175903,0.7096118299445472,0.6260971328262142,0.5344655344655345,0.5766639719752088,0.7659530170533693,0.1849242191597766,0.0033713535183206855,0.05156154902844062,0.23311441466989655,0.6734827672327672,0.3891870323070551,119.1598,45.401,5.681,5410.0,0.6720887245841035,0.6280898876404495,0.2792207792207792,0.3865836791147994,0.6931734638600836,0.20741626316692668,0.0,0.025698151502969863,0.23311441466989655,0.5910481830376196,0.49574861367837336,0.41032608695652173,0.8296703296703297,0.5490909090909092,0.5279813349795744,0.3839799616221423,0.15698937667620477,0.006123829723959001,0.23311441466989655,0.5646297657741319,0.6532347504621072,0.842391304347826,0.07742257742257742,0.14181152790484905,0.5782964101626074,0.30662941878128014,0.08649037499326842,0.012975370881884829,0.23311441466989655,0.534456593875608
