,test_loss,test_conf_distribution_accuracy,test_conf_distribution_precision,test_conf_distribution_recall,test_conf_distribution_f1,test_conf_distribution_roc_auc,test_conf_distribution_bs,test_conf_distribution_bs_mcb,test_conf_distribution_bs_dsc,test_conf_distribution_bs_unc,test_conf_distribution_balanced_accuracy,test_conf_absolute_accuracy,test_conf_absolute_precision,test_conf_absolute_recall,test_conf_absolute_f1,test_conf_absolute_roc_auc,test_conf_absolute_bs,test_conf_absolute_bs_mcb,test_conf_absolute_bs_dsc,test_conf_absolute_bs_unc,test_conf_absolute_balanced_accuracy,test_conf_normalized_accuracy,test_conf_normalized_precision,test_conf_normalized_recall,test_conf_normalized_f1,test_conf_normalized_roc_auc,test_conf_normalized_bs,test_conf_normalized_bs_mcb,test_conf_normalized_bs_dsc,test_conf_normalized_bs_unc,test_conf_normalized_balanced_accuracy,test_accuracy,test_precision,test_recall,test_f1,test_roc_auc,test_bs,test_bs_mcb,test_bs_dsc,test_bs_unc,test_balanced_accuracy,test_runtime,test_samples_per_second,test_steps_per_second,count
_total,0.5879608392715454,0.6769714920399852,0.5837813620071685,0.33721532091097306,0.4274934383202099,0.7072748484495915,0.2016519927528401,0.0,0.02808315134684683,0.22973514409968693,0.6016768247206162,0.6397630507219548,0.49640841457157514,0.5007763975155279,0.4985828394743622,0.6213073385600325,0.2641154830957881,0.046763636102917006,0.01238329710681585,0.22973514409968693,0.6089616857894642,0.514809329877823,0.4137887887887888,0.8558488612836439,0.5578609986504723,0.6061205444776582,0.32716960466626493,0.10820504480864598,0.010770584242067976,0.22973514409968693,0.5903884075870669,0.6724361347649019,0.5549172017573505,0.4249482401656315,0.48131320533489674,0.7031325327712842,0.20265990428602484,0.002008061880099915,0.029083301693761998,0.22973514409968693,0.6175893938580319,158.2435,68.275,8.537,10804
abstract_narrative_understanding,0.6573519110679626,0.6634146341463415,0.0,0.0,0.0,0.5,0.22329565734681733,0.0,0.0,0.22329565734681733,0.5,0.6634146341463415,0.0,0.0,0.0,0.5763000852514919,0.3273568665772037,0.12552339010654923,0.021462180876162862,0.22329565734681733,0.5,0.45365853658536587,0.3727810650887574,0.9130434782608695,0.5294117647058824,0.7008738277919863,0.3883044803042009,0.20252210064966072,0.037513277692277164,0.22329565734681733,0.5668158567774936,0.6634146341463415,0.0,0.0,0.0,0.4933930093776641,0.23192366916922733,0.010266123159929696,0.0016381113375197043,0.22329565734681733,0.5,2.8512,71.9,9.119,205
anachronisms,0.7101753950119019,0.5434782608695652,0.0,0.0,0.0,0.5,0.24810964083175802,0.0,0.0,0.24810964083175802,0.5,0.5434782608695652,0.0,0.0,0.0,0.6171428571428571,0.4271471051389192,0.2152552831927494,0.03621781888558823,0.24810964083175802,0.5,0.45652173913043476,0.45652173913043476,1.0,0.626865671641791,0.49142857142857144,0.4107323636400896,0.19391314167212617,0.031290418863794606,0.24810964083175802,0.5,0.45652173913043476,0.45652173913043476,1.0,0.626865671641791,0.5828571428571429,0.2584645228658679,0.03201524750354898,0.021660365469439086,0.24810964083175802,0.5,0.6742,68.231,8.9,46
analogical_similarity,0.6737308502197266,0.7230769230769231,0.0,0.0,0.0,0.5,0.20023668639053252,0.0,0.0,0.20023668639053252,0.5,0.7230769230769231,0.0,0.0,0.0,0.5768321513002365,0.2732990463362617,0.09503192883837497,0.021969568892645813,0.20023668639053252,0.5,0.47692307692307695,0.3333333333333333,0.8888888888888888,0.48484848484848486,0.6430260047281324,0.3413811596193233,0.1614534804608749,0.02030900723208412,0.20023668639053252,0.6040189125295508,0.7230769230769231,0.0,0.0,0.0,0.5277777777777778,0.22360777232064213,0.02337108593010942,-1.942890293094024e-16,0.20023668639053252,0.5,0.9491,68.482,9.482,65
analytic_entailment,0.7197556495666504,0.6428571428571429,0.0,0.0,0.0,0.5,0.2295918367346938,0.0,0.0,0.2295918367346938,0.5,0.6428571428571429,0.0,0.0,0.0,0.4,0.340333005012738,0.11176157644130938,0.0010204081632651796,0.2295918367346938,0.5,0.35714285714285715,0.35714285714285715,1.0,0.5263157894736842,0.5333333333333334,0.6427097710105826,0.44543085944595673,0.032312925170067924,0.2295918367346938,0.5,0.35714285714285715,0.35714285714285715,1.0,0.5263157894736842,0.5777777777777778,0.2632700094621604,0.06939245844175221,0.035714285714285615,0.2295918367346938,0.5,0.2166,64.65,9.236,14
arithmetic,0.6805554032325745,0.8232323232323232,0.0,0.0,0.0,0.5,0.14552086521783492,0.0,0.0,0.14552086521783492,0.5,0.8232323232323232,0.0,0.0,0.0,0.6652059596844873,0.1500293659520194,0.018900458178617935,0.014391957444433445,0.14552086521783492,0.5,0.7777777777777778,0.3333333333333333,0.2571428571428571,0.2903225806451613,0.6646801051709027,0.17800550720609212,0.04600867924309629,0.013524037254839083,0.14552086521783492,0.5733567046450482,0.6818181818181818,0.08823529411764706,0.08571428571428572,0.08695652173913045,0.4056091148115688,0.24370565287516338,0.09835091183076713,0.0001661241734386698,0.14552086521783492,0.44776511831726556,2.7331,72.445,9.147,198
authorship_verification,0.6938540935516357,0.5113636363636364,0.5113636363636364,1.0,0.6766917293233083,0.5,0.24987086776859507,0.0,0.0,0.24987086776859507,0.5,0.48863636363636365,0.0,0.0,0.0,0.5,0.5113636363636364,0.2614927685950413,0.0,0.24987086776859507,0.5,0.5113636363636364,0.5113636363636364,1.0,0.6766917293233083,0.5,0.48863636363636365,0.23876549586776857,0.0,0.24987086776859507,0.5,0.5113636363636364,0.532258064516129,0.36666666666666664,0.43421052631578944,0.5220284237726098,0.25034611026013653,0.00518512402536872,0.004709881533827259,0.24987086776859507,0.5147286821705426,2.5239,69.732,8.717,176
bbq_lite_json,0.9489490985870361,0.7524752475247525,0.0,0.0,0.0,0.5,0.18625624938731497,0.0,0.0,0.18625624938731497,0.5,0.6237623762376238,0.26785714285714285,0.3,0.2830188679245283,0.5142105263157895,0.2366216466150098,0.05272090615486341,0.0023555089271685703,0.18625624938731497,0.5151315789473684,0.24257425742574257,0.24120603015075376,0.96,0.38554216867469876,0.5573684210526315,0.41093606625201395,0.23118910437287976,0.006509287508180778,0.18625624938731497,0.4832894736842105,0.24752475247524752,0.24752475247524752,1.0,0.3968253968253968,0.18118421052631578,0.37065495218474404,0.1850113878283075,0.0006126850308784404,0.18625624938731497,0.5,2.7971,72.217,9.295,202
causal_judgment,0.681576669216156,0.5263157894736842,0.5263157894736842,1.0,0.6896551724137931,0.5,0.24930747922437677,0.0,0.0,0.24930747922437677,0.5,0.47368421052631576,0.0,0.0,0.0,0.5277777777777778,0.28306564886162794,0.06569722780899631,0.03193905817174514,0.24930747922437677,0.5,0.5263157894736842,0.5263157894736842,1.0,0.6896551724137931,0.6944444444444444,0.2438538436980876,0.06421243247772901,0.06966606800401817,0.24930747922437677,0.5,0.5789473684210527,0.5666666666666667,0.85,0.68,0.5847222222222223,0.24419410603192276,0.03222478879944721,0.03733816199190121,0.24930747922437677,0.5638888888888889,0.5691,66.767,8.785,38
cause_and_effect,0.6960949897766113,0.5483870967741935,0.5483870967741935,1.0,0.7083333333333333,0.5,0.24765868886576475,0.0,0.0,0.24765868886576475,0.5,0.41935483870967744,0.0,0.0,0.0,0.21428571428571427,0.5362551582331515,0.28859646936738675,0.0,0.24765868886576475,0.4642857142857143,0.5483870967741935,0.5483870967741935,1.0,0.7083333333333333,0.773109243697479,0.3046221194834958,0.15799455350109115,0.10103112288336008,0.24765868886576475,0.5,0.5483870967741935,0.5483870967741935,1.0,0.7083333333333333,0.41386554621848737,0.2513523802930453,0.0369998791242743,0.033306187696993755,0.24765868886576475,0.5,0.449,69.049,8.909,31
checkmate_in_one,0.06429097056388855,0.9902439024390244,0.0,0.0,0.0,0.5,0.009660916121356337,0.0,0.0,0.009660916121356337,0.5,0.9902439024390244,0.0,0.0,0.0,0.5985221674876847,0.009755036848154102,0.0010058185867407136,0.000911697859942948,0.009660916121356337,0.5,0.43902439024390244,0.017094017094017096,1.0,0.033613445378151266,0.9408866995073892,0.3775696250001089,0.36967183173646195,0.0017631228577094146,0.009660916121356337,0.7167487684729064,0.9902439024390244,0.0,0.0,0.0,0.5935960591133005,0.009727088777938939,0.0002650949831218795,0.0001989223265392772,0.009660916121356337,0.5,2.8902,70.929,8.996,205
cifar10_classification,0.3726028501987457,0.8780487804878049,0.0,0.0,0.0,0.5,0.10707911957168353,0.0,0.0,0.10707911957168353,0.5,0.8780487804878049,0.0,0.0,0.0,0.5133333333333334,0.11846064537755165,0.013945603728363662,0.00256407792249555,0.10707911957168353,0.5,0.7658536585365854,0.17142857142857143,0.24,0.19999999999999998,0.526,0.19091838388095886,0.08570959651397202,0.0018703322046966925,0.10707911957168353,0.5394444444444444,0.8780487804878049,0.0,0.0,0.0,0.544,0.1074176045828809,0.002678003319690328,0.002339518308492966,0.10707911957168353,0.5,2.8789,71.207,9.031,205
code_line_description,0.5421337485313416,0.9166666666666666,0.0,0.0,0.0,0.5,0.07638888888888888,0.0,0.0,0.07638888888888888,0.5,0.9166666666666666,0.0,0.0,0.0,0.18181818181818177,0.08333333145534318,0.008333331455343165,0.00138888888888887,0.07638888888888888,0.5,0.25,0.1,1.0,0.18181818181818182,1.0,0.5502405831285221,0.5502405831285221,0.07638888888888888,0.07638888888888888,0.5909090909090909,0.9166666666666666,0.0,0.0,0.0,0.09090909090909094,0.17554093575383015,0.09978335999625439,0.0006313131313131215,0.07638888888888888,0.5,0.2152,55.755,9.293,12
color,0.3021469712257385,0.9317073170731708,0.0,0.0,0.0,0.5,0.06362879238548483,0.0,0.0,0.06362879238548483,0.5,0.9121951219512195,0.0,0.0,0.0,0.38855646970830215,0.12322626816136276,0.06034935104054319,0.000751875264665261,0.06362879238548483,0.4895287958115183,0.7170731707317073,0.06,0.21428571428571427,0.09375,0.3990276738967839,0.1939356062377117,0.1307930099530781,0.0004861961008512383,0.06362879238548483,0.4841062079281975,0.9317073170731708,0.0,0.0,0.0,0.6540762902019447,0.07615672107770556,0.016827156981742815,0.004299228289522082,0.06362879238548483,0.5,2.8163,72.792,9.232,205
common_morpheme,0.5688870549201965,0.9,0.0,0.0,0.0,0.5,0.09000000000000001,0.0,0.0,0.09000000000000001,0.5,0.9,0.0,0.0,0.0,0.5555555555555556,0.09895267638138665,0.018952676381386632,0.009999999999999995,0.09000000000000001,0.5,0.2,0.1111111111111111,1.0,0.19999999999999998,0.8888888888888888,0.6208232951008604,0.5708232951008604,0.04000000000000001,0.09000000000000001,0.5555555555555556,0.8,0.0,0.0,0.0,0.5555555555555556,0.18977636233530096,0.10977636233530096,0.010000000000000009,0.09000000000000001,0.4444444444444444,0.164,60.983,12.197,10
conceptual_combinations,0.6656258702278137,0.5238095238095238,0.0,0.0,0.0,0.5,0.24943310657596368,0.0,0.0,0.24943310657596368,0.5,0.5238095238095238,0.0,0.0,0.0,0.881818181818182,0.31297770945295433,0.22369199516724003,0.16014739229024938,0.24943310657596368,0.5,0.6666666666666666,0.6153846153846154,0.8,0.6956521739130435,0.8272727272727274,0.191635447031689,0.0664653790044781,0.12426303854875279,0.24943310657596368,0.6727272727272727,0.5238095238095238,0.0,0.0,0.0,0.7545454545454546,0.23648616756368443,0.07662222198545307,0.08956916099773232,0.24943310657596368,0.5,0.3199,65.639,9.377,21
crash_blossom,0.6192911267280579,0.75,0.0,0.0,0.0,0.5,0.1875,0.0,0.0,0.1875,0.5,0.75,0.0,0.0,0.0,0.3333333333333333,0.20403099179412584,0.025459563222697296,0.008928571428571452,0.1875,0.5,0.625,0.0,0.0,0.0,0.5,0.2123869620253463,0.04988696202534626,0.024999999999999967,0.1875,0.4166666666666667,0.75,0.0,0.0,0.0,0.8333333333333334,0.21339350525814194,0.13006017192480845,0.10416666666666652,0.1875,0.5,0.1402,57.056,7.132,8
crass_ai,0.6998525261878967,0.8888888888888888,0.0,0.0,0.0,0.5,0.09876543209876543,0.0,0.0,0.09876543209876543,0.5,0.8888888888888888,0.0,0.0,0.0,0.25,0.11189644181910492,0.016658346581009648,0.003527336860670152,0.09876543209876543,0.5,0.3333333333333333,0.14285714285714285,1.0,0.25,0.625,0.37437962680416814,0.2910462934708348,0.015432098765432098,0.09876543209876543,0.625,0.3333333333333333,0.14285714285714285,1.0,0.25,0.75,0.25335019299617756,0.17927611892210343,0.024691358024691315,0.09876543209876543,0.625,0.154,58.423,12.983,9
cryobiology_spanish,0.630853533744812,0.7241379310344828,0.7241379310344828,1.0,0.8400000000000001,0.5,0.19976218787158145,0.0,0.0,0.19976218787158145,0.5,0.3103448275862069,0.6666666666666666,0.09523809523809523,0.16666666666666666,0.4821428571428571,0.6035713928502041,0.42725954877224315,0.02345034379362046,0.19976218787158145,0.4851190476190476,0.7241379310344828,0.7241379310344828,1.0,0.8400000000000001,0.5535714285714286,0.21553602832317945,0.05179333826469995,0.03601949781310196,0.19976218787158145,0.5,0.7241379310344828,0.7241379310344828,1.0,0.8400000000000001,0.48214285714285715,0.21913260270743448,0.0287932485749767,0.00942283373912367,0.19976218787158145,0.5,0.4235,68.47,9.444,29
cs_algorithms,0.6134184002876282,0.7108433734939759,0.0,0.0,0.0,0.5,0.20554507185367976,0.0,0.0,0.20554507185367976,0.5,0.7108433734939759,0.0,0.0,0.0,0.4638064971751412,0.2770100517668117,0.08344090337838617,0.011975923465254223,0.20554507185367976,0.5,0.5903614457831325,0.4019607843137255,0.8541666666666666,0.5466666666666666,0.7365819209039548,0.2897661136921437,0.1312241587210589,0.047003116882594925,0.20554507185367976,0.6686087570621468,0.5602409638554217,0.38317757009345793,0.8541666666666666,0.529032258064516,0.6484816384180792,0.21447235207583998,0.038654528875318284,0.029727248653158067,0.20554507185367976,0.6474223163841808,2.2745,72.984,9.233,166
dark_humor_detection,0.7208080887794495,0.625,0.0,0.0,0.0,0.5,0.234375,0.0,0.0,0.234375,0.5,0.625,0.0,0.0,0.0,0.5833333333333334,0.37416215206112047,0.17326929491826334,0.03348214285714288,0.234375,0.5,0.375,0.375,1.0,0.5454545454545454,0.6333333333333333,0.4114072053124908,0.22093101483630032,0.04389880952380951,0.234375,0.5,0.375,0.375,1.0,0.5454545454545454,0.6333333333333333,0.2637876774268362,0.07628767742683615,0.04687499999999997,0.234375,0.5,0.244,65.585,8.198,16
date_understanding,0.681753933429718,0.6081081081081081,0.6081081081081081,1.0,0.7563025210084033,0.5,0.23831263696128563,0.0,0.0,0.23831263696128563,0.5,0.3918918918918919,0.0,0.0,0.0,0.6544061302681993,0.5869238121098735,0.3999831889990377,0.05137201385044976,0.23831263696128563,0.5,0.6351351351351351,0.6607142857142857,0.8222222222222222,0.7326732673267325,0.6704980842911877,0.2283243955334354,0.030981609397545795,0.04096985082539603,0.23831263696128563,0.5835249042145594,0.6081081081081081,0.6081081081081081,1.0,0.7563025210084033,0.4865900383141763,0.24431678651064867,0.024842848286710323,0.01883869873734728,0.23831263696128563,0.5,1.046,70.747,9.56,74
disambiguation_qa,0.652373194694519,0.6730769230769231,0.0,0.0,0.0,0.5,0.22004437869822494,0.0,0.0,0.22004437869822494,0.5,0.6730769230769231,0.0,0.0,0.0,0.7596638655462185,0.3268097566128188,0.1901339324369946,0.08336855452240075,0.22004437869822494,0.5,0.3269230769230769,0.30434782608695654,0.8235294117647058,0.4444444444444444,0.4890756302521009,0.468891175910768,0.25382707334666543,0.004980276134122358,0.22004437869822494,0.4546218487394958,0.6730769230769231,0.0,0.0,0.0,0.6436974789915967,0.22974388824633402,0.046361430622985644,0.03666192107487656,0.22004437869822494,0.5,0.735,70.751,9.524,52
discourse_marker_prediction,0.44595208764076233,0.8421052631578947,0.0,0.0,0.0,0.5,0.13296398891966757,0.0,0.0,0.13296398891966757,0.5,0.8421052631578947,0.0,0.0,0.0,0.40920781893004116,0.1578899998999729,0.0265809753098733,0.001654964329567965,0.13296398891966757,0.5,0.47368421052631576,0.0684931506849315,0.18518518518518517,0.1,0.3847736625514403,0.2991001087460259,0.168175046441883,0.0020389266155246832,0.13296398891966757,0.3564814814814815,0.8421052631578947,0.0,0.0,0.0,0.4886831275720164,0.1357303128588176,0.005367047779039791,0.002600723839889768,0.13296398891966757,0.5,2.3859,71.672,9.221,171
dyck_languages,0.4789727032184601,0.765,0.0,0.0,0.0,0.5,0.179775,0.0,0.0,0.179775,0.5,0.765,0.0,0.0,0.0,0.41663190098734526,0.22327172537096257,0.047285686976547114,0.0037889616055845343,0.179775,0.5,0.72,0.41818181818181815,0.48936170212765956,0.45098039215686275,0.72090112640801,0.188017259496634,0.04428605648911521,0.0360437969924812,0.179775,0.640105687665137,0.775,0.75,0.06382978723404255,0.11764705882352941,0.7559449311639549,0.15481313549974401,0.01291711682918173,0.037878981329437705,0.179775,0.5286469197608121,2.7488,72.759,9.095,200
elementary_math_qa,0.5208048224449158,0.8284313725490197,0.0,0.0,0.0,0.5,0.14213283352556705,0.0,0.0,0.14213283352556705,0.5,0.8284313725490197,0.0,0.0,0.0,0.4816568047337278,0.16573772621670102,0.02578584362317282,0.00218095093203885,0.14213283352556705,0.5,0.7450980392156863,0.24242424242424243,0.22857142857142856,0.23529411764705885,0.5776838546069315,0.1908864294317294,0.055745387720927436,0.006991791814765086,0.14213283352556705,0.5403212172442942,0.8284313725490197,0.0,0.0,0.0,0.6011834319526628,0.16710154528866283,0.03165201730976311,0.006683305546667323,0.14213283352556705,0.5,2.799,72.883,9.289,204
emoji_movie,0.5997629165649414,0.8,0.0,0.0,0.0,0.5,0.16000000000000006,0.0,0.0,0.16000000000000006,0.5,0.8,0.0,0.0,0.0,0.4375,0.17704734431199945,0.023714010978666072,0.006666666666666682,0.16000000000000006,0.5,0.5,0.0,0.0,0.0,0.09375,0.3308030464793173,0.17080304647931724,0.0,0.16000000000000006,0.3125,0.8,0.0,0.0,0.0,0.765625,0.2039981873217776,0.09288707621066644,0.0488888888888889,0.16000000000000006,0.5,0.3096,64.599,9.69,20
emojis_emotion_prediction,0.4101766049861908,1.0,0.0,0.0,0.0,0.0,0.0,0.0,0.0,0.0,1.0,1.0,0.0,0.0,0.0,0.0,0.00953352782857669,0.00953352782857669,0.0,0.0,1.0,1.0,0.0,0.0,0.0,0.0,0.07476947119641172,0.07476947119641172,0.0,0.0,1.0,1.0,0.0,0.0,0.0,0.0,0.11322947293218011,0.11322947293218011,0.0,0.0,1.0,0.0602,33.233,16.616,2
empirical_judgments,0.6982256174087524,0.75,0.0,0.0,0.0,0.5,0.1875,0.0,0.0,0.1875,0.5,0.75,0.5,0.2,0.28571428571428575,0.5466666666666666,0.20895451171037963,0.04549297324884116,0.024038461538461536,0.1875,0.5666666666666667,0.25,0.25,1.0,0.4,0.4,0.6454621925371107,0.4689916043018165,0.011029411764705871,0.1875,0.5,0.3,0.2631578947368421,1.0,0.4166666666666667,0.6266666666666667,0.252539349448902,0.1317060161155687,0.0666666666666667,0.1875,0.5333333333333333,0.3051,65.55,9.832,20
english_proverbs,0.6889715790748596,0.7142857142857143,0.0,0.0,0.0,0.5,0.20408163265306126,0.0,0.0,0.20408163265306126,0.5,0.7142857142857143,0.0,0.0,0.0,0.5,0.21545349097940455,0.09640587193178549,0.08503401360544219,0.20408163265306126,0.5,0.5714285714285714,0.3333333333333333,0.5,0.4,0.8,0.21793559074738408,0.12269749550928884,0.10884353741496601,0.20408163265306126,0.55,0.7142857142857143,0.5,1.0,0.6666666666666666,0.7,0.24790973216746068,0.10505258931031783,0.06122448979591841,0.20408163265306126,0.8,0.1142,61.285,8.755,7
english_russian_proverbs,0.6533869504928589,0.6875,0.0,0.0,0.0,0.5,0.21484375,0.0,0.0,0.21484375,0.5,0.6875,0.0,0.0,0.0,0.509090909090909,0.30887607270955214,0.11656838040185982,0.02253605769230768,0.21484375,0.5,0.375,0.3333333333333333,1.0,0.5,0.5818181818181818,0.42004066075753366,0.27941566075753366,0.07421875,0.21484375,0.5454545454545454,0.6875,0.0,0.0,0.0,0.7454545454545454,0.2302120533152428,0.08437871998190943,0.06901041666666663,0.21484375,0.5,0.2462,64.98,8.123,16
entailed_polarity,0.4729940593242645,0.9,0.9,1.0,0.9473684210526316,0.5,0.09000000000000001,0.0,0.0,0.09000000000000001,0.5,0.1,0.0,0.0,0.0,0.8765432098765433,0.8709036222359627,0.8070147333470739,0.026111111111111113,0.09000000000000001,0.5,0.9,0.9,1.0,0.9473684210526316,0.8148148148148149,0.11386068116782347,0.04386068116782346,0.020000000000000004,0.09000000000000001,0.5,0.9,0.9,1.0,0.9473684210526316,0.7283950617283951,0.1436523733925243,0.07883755857770905,0.02518518518518477,0.09000000000000001,0.5,0.4455,67.346,8.979,30
entailed_polarity_hindi,0.6545343995094299,0.6785714285714286,0.6785714285714286,1.0,0.8085106382978724,0.5,0.21811224489795913,0.0,0.0,0.21811224489795913,0.5,0.32142857142857145,0.0,0.0,0.0,0.5029239766081872,0.6344168731772866,0.4282944241976947,0.011989795918367269,0.21811224489795913,0.5,0.6785714285714286,0.6785714285714286,1.0,0.8085106382978724,0.6198830409356726,0.21768957114117646,0.02942426501872744,0.029846938775510118,0.21811224489795913,0.5,0.6785714285714286,0.6785714285714286,1.0,0.8085106382978724,0.5789473684210527,0.23079224106202073,0.07688067537180154,0.06420067920773995,0.21811224489795913,0.5,0.4185,66.91,9.559,28
epistemic_reasoning,0.7062019109725952,0.5804878048780487,0.0,0.0,0.0,0.5,0.24352171326591315,0.0,0.0,0.24352171326591315,0.5,0.5707317073170731,0.4,0.046511627906976744,0.08333333333333333,0.5027359781121752,0.2519547002361981,0.011495228089100556,0.0030622411188156173,0.24352171326591315,0.4980457299198749,0.4195121951219512,0.4195121951219512,1.0,0.5910652920962199,0.53156146179402,0.3189076041033631,0.08697985657002918,0.011593965732579231,0.24352171326591315,0.5,0.4292682926829268,0.4221105527638191,0.9767441860465116,0.5894736842105263,0.5209106898573382,0.2565133223066801,0.01732697048802259,0.004335361447255631,0.24352171326591315,0.5051788157123315,2.831,72.414,9.184,205
evaluating_information_essentiality,0.543297529220581,0.8571428571428571,0.0,0.0,0.0,0.5,0.12244897959183677,0.0,0.0,0.12244897959183677,0.5,0.8571428571428571,0.0,0.0,0.0,0.5833333333333334,0.13859755360284076,0.02975401618787475,0.013605442176870763,0.12244897959183677,0.5,0.21428571428571427,0.15384615384615385,1.0,0.2666666666666667,0.2916666666666667,0.5390834322457495,0.41820431136662867,0.0015698587127159214,0.12244897959183677,0.5416666666666666,0.8571428571428571,0.0,0.0,0.0,0.6666666666666667,0.17662982302500987,0.07186791826310508,0.01768707482993198,0.12244897959183677,0.5,0.2167,64.62,9.231,14
fact_checker,0.6601587533950806,0.6303030303030303,0.6303030303030303,1.0,0.7732342007434944,0.5,0.23302112029384758,0.0,0.0,0.23302112029384758,0.5,0.3696969696969697,0.0,0.0,0.0,0.5242749054224465,0.6273438790188286,0.4011785449687939,0.006855786243812889,0.23302112029384758,0.5,0.6303030303030303,0.6303030303030303,1.0,0.7732342007434944,0.6292559899117276,0.2175004887672676,0.01423259477356717,0.02975322630014715,0.23302112029384758,0.5,0.6303030303030303,0.6303030303030303,1.0,0.7732342007434944,0.5528058007566204,0.23366375533394296,0.010320070033735557,0.009677434993640183,0.23302112029384758,0.5,2.3006,71.719,9.128,165
fantasy_reasoning,0.671014130115509,0.625,0.625,1.0,0.7692307692307693,0.5,0.234375,0.0,0.0,0.234375,0.5,0.375,0.0,0.0,0.0,0.44000000000000006,0.56866149418268,0.3347905264407445,0.0005040322580645018,0.234375,0.5,0.625,0.625,1.0,0.7692307692307693,0.6293333333333333,0.22442446564466395,0.022909314129512443,0.03285984848484849,0.234375,0.5,0.625,0.625,1.0,0.7692307692307693,0.392,0.23897950464750997,0.018027123695128572,0.0134226190476186,0.234375,0.5,0.5641,70.91,8.864,40
figure_of_speech_detection,0.5914062857627869,0.8333333333333334,0.0,0.0,0.0,0.5,0.13888888888888887,0.0,0.0,0.13888888888888887,0.5,0.8333333333333334,0.0,0.0,0.0,0.65,0.13938213807778646,0.02132658252223088,0.020833333333333287,0.13888888888888887,0.5,0.8333333333333334,0.0,0.0,0.0,0.7,0.16407819725766573,0.06407819725766571,0.03888888888888885,0.13888888888888887,0.5,0.8333333333333334,0.0,0.0,0.0,0.75,0.19988897990047727,0.09988897990047725,0.03888888888888885,0.13888888888888887,0.5,0.2016,59.51,9.918,12
formal_fallacies_syllogisms_negation,0.7023324966430664,0.5073170731707317,0.5073170731707317,1.0,0.6731391585760518,0.5,0.2499464604402142,0.0,0.0,0.2499464604402142,0.5,0.4926829268292683,0.0,0.0,0.0,0.5554074638233054,0.5045065244342684,0.2653489792743484,0.010788915280294298,0.2499464604402142,0.5,0.5073170731707317,0.5073170731707317,1.0,0.6731391585760518,0.48809977151561307,0.2755907158592888,0.026932876453589605,0.0012886210345150195,0.2499464604402142,0.5,0.5073170731707317,0.5073170731707317,1.0,0.6731391585760518,0.4905750190403656,0.25453229872136596,0.009321822670818408,0.004735984389666659,0.2499464604402142,0.5,2.8196,72.706,9.221,205
general_knowledge,0.832550585269928,0.5714285714285714,0.5714285714285714,1.0,0.7272727272727273,0.5,0.24489795918367346,0.0,0.0,0.24489795918367346,0.5,0.42857142857142855,0.5,0.125,0.2,0.4583333333333333,0.38577016964508715,0.15957969345461093,0.018707482993197244,0.24489795918367346,0.4791666666666667,0.6428571428571429,0.6363636363636364,0.875,0.7368421052631579,0.8333333333333334,0.1988815538597351,0.09684073753320448,0.14285714285714285,0.24489795918367346,0.6041666666666666,0.35714285714285715,0.0,0.0,0.0,0.375,0.3143901471218032,0.09460992734158291,0.025117739403453188,0.24489795918367346,0.4166666666666667,0.2212,63.297,9.042,14
geometric_shapes,0.40708187222480774,0.8611111111111112,0.0,0.0,0.0,0.5,0.11959876543209881,0.0,0.0,0.11959876543209881,0.5,0.875,1.0,0.1,0.18181818181818182,0.9129032258064516,0.08800227254941984,0.035322699036512986,0.06691919191919196,0.11959876543209881,0.55,0.5555555555555556,0.19444444444444445,0.7,0.30434782608695654,0.714516129032258,0.2381440604173944,0.19840047067380465,0.07985517568850907,0.11959876543209881,0.6161290322580645,0.8611111111111112,0.0,0.0,0.0,0.6048387096774194,0.12070022672733306,0.029685916963023293,0.02858445566778904,0.11959876543209881,0.5,0.9862,73.007,9.126,72
goal_step_wikihow,0.6661714911460876,0.6341463414634146,0.0,0.0,0.0,0.5,0.23200475907198098,0.0,0.0,0.23200475907198098,0.5,0.6390243902439025,0.6666666666666666,0.02666666666666667,0.05128205128205129,0.6065641025641025,0.2732189377518713,0.05689330405011467,0.015679125370224367,0.23200475907198098,0.5094871794871795,0.43414634146341463,0.37575757575757573,0.8266666666666667,0.5166666666666666,0.5783589743589743,0.3298576696538735,0.11255837003750069,0.014705459455608194,0.23200475907198098,0.5171794871794871,0.6439024390243903,0.5131578947368421,0.52,0.5165562913907286,0.6331282051282051,0.23652770259874803,0.028816889107301624,0.024293945580534576,0.23200475907198098,0.6176923076923078,2.8168,72.776,9.23,205
gre_reading_comprehension,0.8896902203559875,0.5,0.0,0.0,0.0,0.5,0.25,0.0,0.0,0.25,0.5,0.5,0.0,0.0,0.0,0.11111111111111112,0.4956589765659165,0.2456589765659165,0.0,0.25,0.5,0.5,0.5,0.6666666666666666,0.5714285714285715,0.4444444444444444,0.3329613645107401,0.13296136451074006,0.04999999999999996,0.25,0.5,0.5,0.0,0.0,0.0,0.0,0.3372856305031851,0.08728563050318511,0.0,0.25,0.5,0.1152,52.065,8.677,6
hhh_alignment,0.7213502526283264,0.5227272727272727,0.0,0.0,0.0,0.5,0.24948347107438015,0.0,0.0,0.24948347107438015,0.5,0.5227272727272727,0.0,0.0,0.0,0.5372670807453417,0.46142532031182365,0.23668828006414502,0.024746430826701526,0.24948347107438015,0.5,0.4772727272727273,0.4772727272727273,1.0,0.6461538461538462,0.3850931677018634,0.5032907248009704,0.25910467828934247,0.005297424562752284,0.24948347107438015,0.5,0.5,0.4857142857142857,0.8095238095238095,0.6071428571428571,0.4026915113871636,0.2636115114004525,0.016452420491361613,0.0023243801652892415,0.24948347107438015,0.5134575569358178,0.6261,70.278,9.583,44
hindu_knowledge,0.6788274049758911,0.6,0.0,0.0,0.0,0.5,0.24000000000000002,0.0,0.0,0.24000000000000002,0.5,0.6857142857142857,0.6153846153846154,0.5714285714285714,0.5925925925925927,0.6836734693877551,0.21256416738036485,0.029580974103053936,0.057016806722689106,0.24000000000000002,0.6666666666666666,0.5428571428571428,0.4583333333333333,0.7857142857142857,0.5789473684210527,0.6020408163265306,0.29280992760666563,0.09614326093999889,0.04333333333333328,0.24000000000000002,0.5833333333333333,0.5714285714285714,0.0,0.0,0.0,0.5238095238095237,0.24224609454132998,0.047007998735571155,0.0447619041942412,0.24000000000000002,0.47619047619047616,0.5059,69.189,9.884,35
hinglish_toxicity,0.6678566336631775,0.6,0.6,1.0,0.7499999999999999,0.5,0.24000000000000005,0.0,0.0,0.24000000000000005,0.5,0.4,0.0,0.0,0.0,0.47656249999999994,0.5945857373558188,0.3689904992605807,0.014404761904761948,0.24000000000000005,0.5,0.6,0.6,1.0,0.7499999999999999,0.6015625,0.24682978886327014,0.030163122196603498,0.0233333333333334,0.24000000000000005,0.5,0.625,0.6153846153846154,1.0,0.761904761904762,0.4739583333333333,0.23743458146074517,0.028059581460744804,0.03062499999999968,0.24000000000000005,0.53125,0.564,70.928,8.866,40
human_organs_senses,0.728043794631958,0.625,0.625,1.0,0.7692307692307693,0.5,0.234375,0.0,0.0,0.234375,0.5,0.375,0.0,0.0,0.0,0.4666666666666667,0.5229812845005638,0.3563146178338971,0.06770833333333331,0.234375,0.5,0.25,0.4,0.4,0.4000000000000001,0.13333333333333336,0.32118882085131306,0.08681382085131306,0.0,0.234375,0.2,0.25,0.3333333333333333,0.2,0.25,0.26666666666666666,0.2673512190209827,0.03297621902098269,0.0,0.234375,0.26666666666666666,0.1239,64.579,8.072,8
hyperbaton,0.7041947245597839,0.5121951219512195,0.5121951219512195,1.0,0.6774193548387097,0.5,0.2498512790005948,0.0,0.0,0.2498512790005948,0.5,0.4878048780487805,0.0,0.0,0.0,0.539047619047619,0.4292732877086716,0.19002152554056112,0.010599516832484307,0.2498512790005948,0.5,0.5121951219512195,0.5121951219512195,1.0,0.6774193548387097,0.6380952380952382,0.25745489744240246,0.032005292846456423,0.02440167440464877,0.2498512790005948,0.5,0.5121951219512195,0.5121951219512195,1.0,0.6774193548387097,0.5480952380952381,0.25542721398122353,0.015946678173053314,0.010370743192424592,0.2498512790005948,0.5,2.813,72.877,9.243,205
identify_math_theorems,0.8005680441856384,0.5454545454545454,0.5454545454545454,1.0,0.7058823529411764,0.5,0.24793388429752064,0.0,0.0,0.24793388429752064,0.5,0.45454545454545453,0.0,0.0,0.0,0.5333333333333333,0.5426581846234291,0.3381127300779745,0.04338842975206608,0.24793388429752064,0.5,0.36363636363636365,0.4444444444444444,0.6666666666666666,0.5333333333333333,0.16666666666666663,0.4208115359034892,0.17287765160596855,0.0,0.24793388429752064,0.3333333333333333,0.45454545454545453,0.0,0.0,0.0,0.6333333333333333,0.2992662454514532,0.10987230605751375,0.05853994490358119,0.24793388429752064,0.5,0.1959,56.147,10.208,11
identify_odd_metaphor,0.6714967489242554,0.7777777777777778,0.0,0.0,0.0,0.5,0.1728395061728395,0.0,0.0,0.1728395061728395,0.5,0.7777777777777778,0.0,0.0,0.0,0.5,0.18487692228846878,0.03672877414032061,0.02469135802469133,0.1728395061728395,0.5,0.2222222222222222,0.14285714285714285,0.5,0.22222222222222224,0.1428571428571429,0.34477606763748186,0.1781094009708152,0.006172839506172839,0.1728395061728395,0.3214285714285714,0.6666666666666666,0.0,0.0,0.0,0.07142857142857145,0.2391347909253252,0.0662952847524857,0.0,0.1728395061728395,0.42857142857142855,0.1526,58.995,13.11,9
implicatures,0.7056465148925781,0.5204081632653061,0.5204081632653061,1.0,0.6845637583892618,0.5,0.24958350687213662,0.0,0.0,0.24958350687213662,0.5,0.47959183673469385,0.0,0.0,0.0,0.5327492699207343,0.5179348760559698,0.2802909723406375,0.01193960315680434,0.24958350687213662,0.5,0.5204081632653061,0.5204081632653061,1.0,0.6845637583892618,0.6366291197329996,0.34995851810945683,0.1325968129190718,0.032221801681751594,0.24958350687213662,0.5,0.5204081632653061,0.5204081632653061,1.0,0.6845637583892618,0.5185648727576136,0.25609038503153764,0.014047565098515319,0.007540686939114305,0.24958350687213662,0.5,1.3713,71.467,9.48,98
implicit_relations,0.652787446975708,0.7647058823529411,0.0,0.0,0.0,0.5,0.17993079584775085,0.0,0.0,0.17993079584775085,0.5,0.7647058823529411,0.0,0.0,0.0,0.4807692307692307,0.22445731904135557,0.06759457394331633,0.023068050749711605,0.17993079584775085,0.5,0.5294117647058824,0.16666666666666666,0.25,0.2,0.3846153846153846,0.25528612610576046,0.08721889921500417,0.011863568956994558,0.17993079584775085,0.4326923076923077,0.7058823529411765,0.42857142857142855,0.75,0.5454545454545454,0.7115384615384615,0.23002959469622328,0.11826488881387034,0.06816608996539791,0.17993079584775085,0.7211538461538461,0.2726,62.371,11.007,17
intent_recognition,0.6916256546974182,0.5323741007194245,0.5323741007194245,1.0,0.6948356807511737,0.5,0.24895191760260857,0.0,0.0,0.24895191760260857,0.5,0.7697841726618705,0.828125,0.7162162162162162,0.7681159420289855,0.8659043659043659,0.1673777925417944,0.03455740373325497,0.11613152879406913,0.24895191760260857,0.7734927234927236,0.7482014388489209,0.7241379310344828,0.8513513513513513,0.782608695652174,0.8769230769230768,0.16765133091314463,0.042941161160747796,0.12424174785021173,0.24895191760260857,0.741060291060291,0.5539568345323741,0.5447761194029851,0.9864864864864865,0.701923076923077,0.46424116424116424,0.2492386802911205,0.010135738074800338,0.0098489753862884,0.24895191760260857,0.5240124740124741,1.9065,72.91,9.442,139
international_phonetic_alphabet_nli,0.6899217367172241,0.52,0.0,0.0,0.0,0.5,0.24960000000000004,0.0,0.0,0.24960000000000004,0.5,0.52,0.0,0.0,0.0,0.5064102564102564,0.3264606884518379,0.10531783130898079,0.02845714285714293,0.24960000000000004,0.5,0.48,0.48,1.0,0.6486486486486487,0.5833333333333334,0.3897601489251217,0.1805293796943524,0.04036923076923077,0.24960000000000004,0.5,0.48,0.0,0.0,0.0,0.6153846153846153,0.2482297139823714,0.03648612423878156,0.037856410256410206,0.24960000000000004,0.46153846153846156,0.3843,65.061,10.41,25
intersect_geometry,0.34134629368782043,0.8725490196078431,0.0,0.0,0.0,0.5,0.11120722798923492,0.0,0.0,0.11120722798923492,0.5,0.8725490196078431,0.0,0.0,0.0,0.6899308556611927,0.10946898127508782,0.007295183280856404,0.009033429995003506,0.11120722798923492,0.5,0.8725490196078431,0.0,0.0,0.0,0.747191011235955,0.11049180676060161,0.01375333854380524,0.014468759772438555,0.11120722798923492,0.5,0.8872549019607843,0.8,0.15384615384615385,0.25806451612903225,0.8478824546240277,0.1010275506413253,0.021748061067718066,0.03192773841562768,0.11120722798923492,0.574114088159032,2.8189,72.367,9.223,204
irony_identification,0.6609102487564087,0.65,0.65,1.0,0.787878787878788,0.5,0.22749999999999998,0.0,0.0,0.22749999999999998,0.5,0.35,0.0,0.0,0.0,0.4945054945054945,0.6496856653651395,0.44682852250799665,0.024642857142857133,0.22749999999999998,0.5,0.65,0.65,1.0,0.787878787878788,0.6483516483516484,0.22928984105218114,0.054289841052181154,0.05249999999999999,0.22749999999999998,0.5,0.65,0.65,1.0,0.787878787878788,0.5604395604395604,0.23396840388000353,0.05550686541846481,0.04903846153846125,0.22749999999999998,0.5,0.2949,67.829,10.174,20
kanji_ascii,0.4187747538089752,0.868421052631579,0.0,0.0,0.0,0.5,0.11426592797783931,0.0,0.0,0.11426592797783931,0.5,0.868421052631579,0.0,0.0,0.0,0.49090909090909096,0.1313250409057395,0.020270160114016583,0.0032110471861164086,0.11426592797783931,0.5,0.23684210526315788,0.14705882352941177,1.0,0.25641025641025644,0.43636363636363634,0.5406559250682342,0.43175868196046485,0.005368684870069904,0.11426592797783931,0.5606060606060606,0.868421052631579,0.0,0.0,0.0,0.6121212121212121,0.12343572723620296,0.0337671112517975,0.02459731199343386,0.11426592797783931,0.5,0.5702,66.645,8.769,38
kannada,0.6510515809059143,0.6507936507936508,0.0,0.0,0.0,0.5,0.22726127488032247,0.0,0.0,0.22726127488032247,0.5,0.6507936507936508,0.0,0.0,0.0,0.45787139689578715,0.3151165798930537,0.09724551333777659,0.009390208325045363,0.22726127488032247,0.5,0.5079365079365079,0.30434782608695654,0.3181818181818182,0.31111111111111117,0.41352549889135254,0.28765838346664907,0.06072309653136215,0.0003259879450355496,0.22726127488032247,0.4639689578713969,0.6507936507936508,0.0,0.0,0.0,0.4700665188470067,0.2291176490502497,0.011506717153603574,0.009650342983676341,0.22726127488032247,0.5,0.868,72.577,9.216,63
key_value_maps,0.7144303917884827,0.5,0.0,0.0,0.0,0.5,0.25,0.0,0.0,0.25,0.5,0.5,0.0,0.0,0.0,0.63,0.3264259253392247,0.1230925920058914,0.04666666666666669,0.25,0.5,0.5,0.5,1.0,0.6666666666666666,0.5700000000000001,0.35249367602954107,0.13416034269620772,0.03166666666666665,0.25,0.5,0.5,0.0,0.0,0.0,0.37,0.2605326484375058,0.010532648437505787,0.0,0.25,0.5,0.31,64.506,9.676,20
known_unknowns,0.7555010318756104,0.6666666666666666,0.0,0.0,0.0,0.5,0.2222222222222222,0.0,0.0,0.2222222222222222,0.5,0.6666666666666666,0.0,0.0,0.0,0.6666666666666667,0.26669748196836823,0.10003081530170158,0.05555555555555555,0.2222222222222222,0.5,0.3333333333333333,0.3333333333333333,1.0,0.5,0.7222222222222222,0.43995901496286227,0.34736642237026966,0.1296296296296296,0.2222222222222222,0.5,0.3333333333333333,0.3333333333333333,1.0,0.5,0.7222222222222223,0.28052985035596517,0.14719651702263153,0.08888888888888857,0.2222222222222222,0.5,0.162,55.542,12.343,9
language_identification,0.40477705001831055,0.8585365853658536,0.0,0.0,0.0,0.5,0.1214515169541939,0.0,0.0,0.1214515169541939,0.5,0.8682926829268293,1.0,0.06896551724137931,0.12903225806451613,0.6367554858934169,0.11896012138507862,0.013660506308754497,0.016151901877869773,0.1214515169541939,0.5344827586206896,0.6829268292682927,0.25,0.6206896551724138,0.3564356435643564,0.6780956112852665,0.2295257402860448,0.1218560570281263,0.013781833696275392,0.1214515169541939,0.656935736677116,0.8585365853658536,0.0,0.0,0.0,0.6009012539184952,0.12063986730360025,0.009325318031733934,0.01013696768232758,0.1214515169541939,0.5,2.8338,72.341,9.175,205
logic_grid_puzzle,0.5976388454437256,0.715,0.0,0.0,0.0,0.5,0.20377499999999998,0.0,0.0,0.20377499999999998,0.5,0.655,0.07142857142857142,0.017543859649122806,0.028169014084507043,0.34449760765550236,0.25045163848536534,0.046676638485365324,-2.7755575615628914e-17,0.20377499999999998,0.4633173843700159,0.495,0.3103448275862069,0.631578947368421,0.4161849710982659,0.5404244877929087,0.2684176191253572,0.07299879072443166,0.008356171599074425,0.20377499999999998,0.5360691939639308,0.715,0.0,0.0,0.0,0.6478959636854373,0.20354974396913744,0.02458545000484344,0.02481070603570598,0.20377499999999998,0.5,2.8116,71.133,8.892,200
logical_args,0.6821010112762451,0.5,0.0,0.0,0.0,0.5,0.25,0.0,0.0,0.25,0.5,0.5,0.0,0.0,0.0,0.3333333333333333,0.49313279614215766,0.2931327961421576,0.04999999999999996,0.25,0.5,0.5,0.5,1.0,0.6666666666666666,0.0,0.4602158349718446,0.2102158349718446,0.0,0.25,0.5,0.5,0.0,0.0,0.0,0.7777777777777778,0.2448779191561218,0.13376680804501065,0.13888888888888884,0.25,0.5,0.1124,53.399,8.9,6
logical_deduction,0.5931422114372253,0.7704081632653061,0.0,0.0,0.0,0.5,0.17687942523948358,0.0,0.0,0.17687942523948358,0.5,0.7704081632653061,0.0,0.0,0.0,0.5321559970566593,0.22542624685565782,0.05420952423587397,0.005662702619699728,0.17687942523948358,0.5,0.39285714285714285,0.24305555555555555,0.7777777777777778,0.3703703703703704,0.5630610743193525,0.4138902326919066,0.2538518753576309,0.016841067905207868,0.17687942523948358,0.5279617365710081,0.6275510204081632,0.27419354838709675,0.37777777777777777,0.3177570093457944,0.5664459161147902,0.2028357038622071,0.03165432941206747,0.005698050789343961,0.17687942523948358,0.5398822663723326,2.6776,73.199,9.337,196
logical_fallacy_detection,0.6939921975135803,0.5170731707317073,0.5170731707317073,1.0,0.6816720257234726,0.5,0.249708506841166,0.0,0.0,0.249708506841166,0.5,0.48292682926829267,0.0,0.0,0.0,0.5628930817610063,0.37385985503237046,0.13421463735410794,0.010063289162903472,0.249708506841166,0.5,0.5170731707317073,0.5170731707317073,1.0,0.6816720257234726,0.5283018867924528,0.26911535611690757,0.027573493329858673,0.0081666440541171,0.249708506841166,0.5,0.5170731707317073,0.5170731707317073,1.0,0.6816720257234726,0.5410710882408996,0.2504140328737893,0.0243834255088915,0.023677899476268166,0.249708506841166,0.5,2.8509,71.906,9.12,205
logical_sequence,0.6554940342903137,0.625,0.0,0.0,0.0,0.5,0.234375,0.0,0.0,0.234375,0.5,0.625,0.0,0.0,0.0,0.9333333333333333,0.24874050266867306,0.18624050266867306,0.171875,0.234375,0.5,0.5,0.42857142857142855,1.0,0.6,0.7333333333333333,0.2870358689126261,0.1620358689126261,0.109375,0.234375,0.6,0.5,0.0,0.0,0.0,0.7333333333333333,0.2316556906398155,0.08582235730648202,0.08854166666666652,0.234375,0.4,0.1451,55.129,6.891,8
mathematical_induction,0.6663687825202942,0.6428571428571429,0.6428571428571429,1.0,0.782608695652174,0.5,0.22959183673469385,0.0,0.0,0.22959183673469385,0.5,0.35714285714285715,0.0,0.0,0.0,0.28888888888888886,0.4210500301231242,0.21271669678979085,0.021258503401360512,0.22959183673469385,0.5,0.6428571428571429,0.6428571428571429,1.0,0.782608695652174,0.3333333333333333,0.2532625712664846,0.023825341829255137,0.0001546072974643875,0.22959183673469385,0.5,0.6428571428571429,0.6428571428571429,1.0,0.782608695652174,0.4888888888888889,0.23671204531681336,0.041906850511618354,0.034786641929498846,0.22959183673469385,0.5,0.2244,62.383,8.912,14
metaphor_boolean,0.6959784030914307,0.5588235294117647,0.0,0.0,0.0,0.5,0.24653979238754326,0.0,0.0,0.24653979238754326,0.5,0.5661764705882353,0.6666666666666666,0.03333333333333333,0.06349206349206349,0.437938596491228,0.3965975809972453,0.15349546252747978,0.003437673917777745,0.24653979238754326,0.5100877192982456,0.4411764705882353,0.4411764705882353,1.0,0.6122448979591837,0.3899122807017544,0.4158962694892523,0.16935647710170904,0.0,0.24653979238754326,0.5,0.5073529411764706,0.472,0.9833333333333333,0.6378378378378378,0.5592105263157895,0.25140989124119134,0.021594990167639244,0.016724891313991158,0.24653979238754326,0.5574561403508772,1.8541,73.35,9.169,136
metaphor_understanding,0.6796339154243469,0.5957446808510638,0.0,0.0,0.0,0.5,0.24083295608872787,0.0,0.0,0.24083295608872787,0.5,0.5957446808510638,0.0,0.0,0.0,0.5620300751879699,0.37724206636369867,0.15460158627641007,0.01819247600143928,0.24083295608872787,0.5,0.6595744680851063,0.5454545454545454,0.9473684210526315,0.6923076923076923,0.8383458646616541,0.21737712794377145,0.08262535489412606,0.10608118303908248,0.24083295608872787,0.7058270676691729,0.5106382978723404,0.4090909090909091,0.47368421052631576,0.43902439024390244,0.5545112781954887,0.24345855745669945,0.026267425684841694,0.02364182431687012,0.24083295608872787,0.5046992481203008,0.6526,72.021,9.194,47
minute_mysteries_qa,0.7796118259429932,0.5853658536585366,0.0,0.0,0.0,0.5,0.24271267102914937,0.0,0.0,0.24271267102914937,0.5,0.6585365853658537,0.8,0.23529411764705882,0.3636363636363636,0.7647058823529411,0.2165167807678417,0.04723687368305657,0.07343276394436424,0.24271267102914937,0.5968137254901961,0.6097560975609756,0.5238095238095238,0.6470588235294118,0.5789473684210527,0.5735294117647058,0.2727207765028052,0.059278634562588806,0.02927052908893299,0.24271267102914937,0.6151960784313726,0.5853658536585366,0.0,0.0,0.0,0.5122549019607843,0.2827370710247811,0.055014695278855996,0.014990295283224292,0.24271267102914937,0.5,0.662,61.933,9.063,41
misconceptions,0.6761391162872314,0.5909090909090909,0.5909090909090909,1.0,0.7428571428571429,0.5,0.24173553719008273,0.0,0.0,0.24173553719008273,0.5,0.4090909090909091,0.0,0.0,0.0,0.6196581196581197,0.5348676926793785,0.33877212158380743,0.04563996609451165,0.24173553719008273,0.5,0.5909090909090909,0.5909090909090909,1.0,0.7428571428571429,0.670940170940171,0.2243100981962578,0.036293569270637954,0.05371900826446288,0.24173553719008273,0.5,0.5909090909090909,0.5909090909090909,1.0,0.7428571428571429,0.5384615384615384,0.24154566176251915,0.02902040923726651,0.029210284664830083,0.24173553719008273,0.5,0.6426,68.474,9.337,44
misconceptions_russian,0.7080339789390564,0.5,0.0,0.0,0.0,0.5,0.25,0.0,0.0,0.25,0.5,0.5,0.0,0.0,0.0,0.88,0.49999999999999983,0.24999999999999983,0.0,0.25,0.5,0.5,0.5,1.0,0.6666666666666666,0.11999999999999997,0.48743806518672966,0.23743806518672966,0.0,0.25,0.5,0.5,0.5,1.0,0.6666666666666666,0.5,0.2573336912098654,0.007333691209865378,0.0,0.25,0.5,0.1637,61.087,12.217,10
mnist_ascii,0.29465025663375854,0.9121951219512195,0.0,0.0,0.0,0.5,0.08009518143961929,0.0,0.0,0.08009518143961929,0.5,0.9121951219512195,0.0,0.0,0.0,0.5629827688651218,0.07874693018372653,0.006750577184703857,0.008098828440596617,0.08009518143961929,0.5,0.848780487804878,0.06666666666666667,0.05555555555555555,0.0606060606060606,0.4949494949494949,0.15234731758333225,0.07393974141965853,0.0016876052759455668,0.08009518143961929,0.4903446226975639,0.9121951219512195,0.0,0.0,0.0,0.7709447415329769,0.07836537162867863,0.026177217119358616,0.027907026930299277,0.08009518143961929,0.5,2.8632,71.599,9.081,205
moral_permissibility,0.703985869884491,0.5147058823529411,0.0,0.0,0.0,0.5,0.24978373702422133,0.0,0.0,0.24978373702422133,0.5,0.5147058823529411,0.0,0.0,0.0,0.6337662337662336,0.4163910972024013,0.21069728121446765,0.04408992103628767,0.24978373702422133,0.5,0.4852941176470588,0.4852941176470588,1.0,0.6534653465346535,0.7021645021645022,0.24755405639843756,0.05275522777607952,0.05498490840186329,0.24978373702422133,0.5,0.47058823529411764,0.47761194029850745,0.9696969696969697,0.64,0.5575757575757576,0.25539627139003085,0.02690079627690839,0.021288261911098866,0.24978373702422133,0.48484848484848486,0.9652,70.448,9.324,68
movie_dialog_same_or_different,0.6975947618484497,0.5317073170731708,0.5317073170731708,1.0,0.694267515923567,0.5,0.24899464604402136,0.0,0.0,0.24899464604402136,0.5,0.4682926829268293,0.0,0.0,0.0,0.45919342507645255,0.5257054849110376,0.28278390085648747,0.00607306198947119,0.24899464604402136,0.5,0.5317073170731708,0.5317073170731708,1.0,0.694267515923567,0.47161697247706424,0.2576720772328147,0.016689650327800343,0.008012219139006987,0.24899464604402136,0.5,0.526829268292683,0.5319148936170213,0.9174311926605505,0.6734006734006734,0.4923547400611621,0.2521390776265401,0.008157637206075263,0.0050132056235565325,0.24899464604402136,0.5003822629969419,2.8122,72.898,9.246,205
movie_recommendation,0.7032611966133118,0.68,0.0,0.0,0.0,0.5,0.2175999999999999,0.0,0.0,0.2175999999999999,0.5,0.68,0.0,0.0,0.0,0.4590992647058824,0.3199982868364009,0.10550333734145143,0.0031050505050504162,0.2175999999999999,0.5,0.44,0.36363636363636365,1.0,0.5333333333333333,0.5294117647058824,0.4279217751841112,0.23290067813769771,0.022578902953586444,0.2175999999999999,0.5882352941176471,0.38,0.32558139534883723,0.875,0.47457627118644063,0.5386029411764706,0.2550524065919187,0.044621550038771024,0.007169143446852239,0.2175999999999999,0.5110294117647058,1.3935,71.761,9.329,100
multiemo,0.6928738951683044,0.51010101010101,0.51010101010101,1.0,0.6755852842809364,0.5,0.2498979695949393,0.0,0.0,0.2498979695949393,0.5,0.4898989898989899,0.0,0.0,0.0,0.5456772481371849,0.43655752705951795,0.1936718452032479,0.007012287738669243,0.2498979695949393,0.5,0.5303030303030303,0.532258064516129,0.6534653465346535,0.5866666666666667,0.5382259875472084,0.2513105924923199,0.017538932806026142,0.016126309908645525,0.2498979695949393,0.5277636011023783,0.5303030303030303,0.521978021978022,0.9405940594059405,0.6713780918727916,0.549862202715117,0.24980570430180835,0.01119301961139324,0.011285284904524184,0.2498979695949393,0.5218434214555476,2.7372,72.338,9.134,198
navigate,0.6939456462860107,0.53,0.53,1.0,0.6928104575163399,0.5,0.24909999999999993,0.0,0.0,0.24909999999999993,0.5,0.47,0.0,0.0,0.0,0.5309112806101967,0.528633675267877,0.28915197470056,0.009618299432682914,0.24909999999999993,0.5,0.53,0.53,1.0,0.6928104575163399,0.49749096748293864,0.34397922841325806,0.10469461688443599,0.009815388471177855,0.24909999999999993,0.5,0.53,0.53,1.0,0.6928104575163399,0.5705539943797673,0.2503793549024448,0.019556696526103118,0.018277341623658266,0.24909999999999993,0.5,2.7308,73.239,9.155,200
nonsense_words_grammar,0.737524151802063,0.7,0.0,0.0,0.0,0.5,0.20999999999999996,0.0,0.0,0.20999999999999996,0.5,0.7,0.0,0.0,0.0,0.0,0.317689404631069,0.10768940463106902,0.0,0.20999999999999996,0.5,0.5,0.25,0.3333333333333333,0.28571428571428575,0.28571428571428575,0.33719377877055523,0.13719377877055522,0.009999999999999953,0.20999999999999996,0.45238095238095233,0.3,0.3,1.0,0.4615384615384615,0.5714285714285714,0.2721071473108051,0.11972619492985256,0.05761904761904743,0.20999999999999996,0.5,0.1649,60.627,12.125,10
novel_concepts,0.647893488407135,0.6666666666666666,0.0,0.0,0.0,0.5,0.22222222222222224,0.0,0.0,0.22222222222222224,0.5,0.6666666666666666,0.0,0.0,0.0,0.5,0.33311550834767273,0.16644884168100607,0.05555555555555558,0.22222222222222224,0.5,0.3333333333333333,0.3333333333333333,1.0,0.5,0.5,0.4074159368322441,0.21297149238779964,0.02777777777777779,0.22222222222222224,0.5,0.6666666666666666,0.0,0.0,0.0,0.75,0.22756346409616177,0.1164523529850506,0.11111111111111108,0.22222222222222224,0.5,0.103,58.227,9.704,6
odd_one_out,0.6654484868049622,0.5294117647058824,0.0,0.0,0.0,0.5,0.24913494809688583,0.0,0.0,0.24913494809688583,0.5,0.5882352941176471,1.0,0.125,0.2222222222222222,0.4722222222222222,0.30121482756593315,0.07195389242264505,0.019874012953597725,0.24913494809688583,0.5625,0.5882352941176471,0.6666666666666666,0.25,0.36363636363636365,0.5277777777777778,0.25160005799916146,0.03395299917563205,0.03148788927335641,0.24913494809688583,0.5694444444444444,0.7058823529411765,0.7142857142857143,0.625,0.6666666666666666,0.6527777777777778,0.2359688424308038,0.044092091730523586,0.05725819739660562,0.24913494809688583,0.7013888888888888,0.2735,62.152,10.968,17
parsinlu_qa,0.6393374800682068,0.7658536585365854,0.0,0.0,0.0,0.5,0.1793218322427127,0.0,0.0,0.1793218322427127,0.5,0.7414634146341463,0.0,0.0,0.0,0.480228237791932,0.24544261048603183,0.0675203110559719,0.0013995328126527595,0.1793218322427127,0.4840764331210191,0.5170731707317073,0.2702702702702703,0.625,0.3773584905660377,0.5606422505307855,0.29705755942306294,0.12253678433388915,0.004801057153538901,0.1793218322427127,0.5545382165605095,0.7268292682926829,0.21428571428571427,0.0625,0.09677419354838708,0.5565286624203821,0.22350999838647934,0.0476888654875737,0.003500699343807062,0.1793218322427127,0.49621815286624205,2.8534,71.844,9.112,205
penguins_in_a_table,0.5801551938056946,0.7333333333333333,0.0,0.0,0.0,0.5,0.19555555555555557,0.0,0.0,0.19555555555555557,0.5,0.7,0.3333333333333333,0.125,0.18181818181818182,0.46590909090909094,0.23335826532730292,0.058479038274162815,0.020676328502415464,0.19555555555555557,0.5170454545454546,0.5333333333333333,0.2857142857142857,0.5,0.36363636363636365,0.47159090909090906,0.269628221820888,0.09936506392615121,0.025292397660818755,0.19555555555555557,0.5227272727272727,0.7333333333333333,0.0,0.0,0.0,0.5397727272727273,0.195828986201512,0.0186861290586548,0.018412698412698353,0.19555555555555557,0.5,0.425,70.583,9.411,30
persian_idioms,0.6575127840042114,0.7692307692307693,0.0,0.0,0.0,0.5,0.17751479289940827,0.0,0.0,0.17751479289940827,0.5,0.7692307692307693,0.0,0.0,0.0,0.5333333333333333,0.22994900721631867,0.06877684604415749,0.016342631727247092,0.17751479289940827,0.5,0.6153846153846154,0.375,1.0,0.5454545454545454,0.9333333333333333,0.29073236441033906,0.23945031312828777,0.12623274161735698,0.17751479289940827,0.75,0.7692307692307693,0.0,0.0,0.0,0.2333333333333333,0.23218273602105574,0.05483230867062841,0.0001643655489809437,0.17751479289940827,0.5,0.2072,62.744,9.653,13
phrase_relatedness,0.7196121215820312,0.6,0.0,0.0,0.0,0.5,0.24000000000000005,0.0,0.0,0.24000000000000005,0.5,0.45,0.2,0.125,0.15384615384615385,0.39583333333333337,0.3074869766530183,0.07593935760539924,0.008452380952381017,0.24000000000000005,0.3958333333333333,0.5,0.4375,0.875,0.5833333333333334,0.6354166666666666,0.2857170370357288,0.0998837037023955,0.054166666666666724,0.24000000000000005,0.5625,0.4,0.25,0.25,0.25,0.3854166666666667,0.26316605247205743,0.03399938580539069,0.010833333333333306,0.24000000000000005,0.375,0.2935,68.148,10.222,20
physical_intuition,0.7054522037506104,0.625,0.0,0.0,0.0,0.5,0.234375,0.0,0.0,0.234375,0.5,0.5625,0.0,0.0,0.0,0.6499999999999999,0.2370410464368394,0.05995771310350606,0.05729166666666666,0.234375,0.45,0.5625,0.45454545454545453,0.8333333333333334,0.5882352941176471,0.7833333333333333,0.23706537381776518,0.09644037381776518,0.09375,0.234375,0.6166666666666667,0.5625,0.3333333333333333,0.16666666666666666,0.2222222222222222,0.5333333333333332,0.2505387223043023,0.05001788897096893,0.03385416666666663,0.234375,0.48333333333333334,0.2553,62.684,7.835,16
physics,0.6732066869735718,0.6521739130434783,0.0,0.0,0.0,0.5,0.22684310018903583,0.0,0.0,0.22684310018903583,0.5,0.6521739130434783,0.0,0.0,0.0,0.6729166666666666,0.2929469794950715,0.10077590816798998,0.034672028861954335,0.22684310018903583,0.5,0.6304347826086957,0.4782608695652174,0.6875,0.5641025641025642,0.6729166666666667,0.2373925285778025,0.05215702133142566,0.041607592942659005,0.22684310018903583,0.64375,0.6304347826086957,0.0,0.0,0.0,0.525,0.24006843643339051,0.033003219042086196,0.019777882797731516,0.22684310018903583,0.48333333333333334,0.6421,71.642,9.345,46
play_dialog_same_or_different,0.6845346689224243,0.624390243902439,0.624390243902439,1.0,0.7687687687687688,0.5,0.23452706722189176,0.0,0.0,0.23452706722189176,0.5,0.375609756097561,0.0,0.0,0.0,0.5661525974025975,0.5944815816509035,0.37034991950094864,0.010395405071936897,0.23452706722189176,0.5,0.624390243902439,0.624390243902439,1.0,0.7687687687687688,0.5565137987012988,0.23733026318332492,0.008545402174179678,0.0057422062127465145,0.23452706722189176,0.5,0.624390243902439,0.6457142857142857,0.8828125,0.7458745874587459,0.5821834415584416,0.24569917888690126,0.02736063304849909,0.016188521383489585,0.23452706722189176,0.5388088474025974,2.8139,72.854,9.24,205
presuppositions_as_nli,0.672887921333313,0.5986394557823129,0.0,0.0,0.0,0.5,0.24027025776296912,0.0,0.0,0.24027025776296912,0.5,0.6054421768707483,1.0,0.01694915254237288,0.03333333333333333,0.5156009244992296,0.28467562022840875,0.05164068464245275,0.007235322177013115,0.24027025776296912,0.5084745762711864,0.48299319727891155,0.4174757281553398,0.7288135593220338,0.5308641975308642,0.5069337442218798,0.2923893805718392,0.05650796456167667,0.0043888417528065715,0.24027025776296912,0.523497688751926,0.5986394557823129,0.0,0.0,0.0,0.5610554699537751,0.239920655038362,0.01927277010476197,0.0196223728293691,0.24027025776296912,0.5,2.0495,71.724,9.27,147
question_selection,0.684891402721405,0.6195121951219512,0.0,0.0,0.0,0.5,0.23571683521713263,0.0,0.0,0.23571683521713263,0.5,0.6195121951219512,0.0,0.0,0.0,0.4689077326872602,0.38039924485494403,0.14655474821015757,0.0018723385723461716,0.23571683521713263,0.5,0.44390243902439025,0.40425531914893614,0.9743589743589743,0.5714285714285714,0.5523924894003635,0.37341041136771347,0.14927659259287793,0.01158301644229709,0.23571683521713263,0.5462346052897233,0.5804878048780487,0.45454545454545453,0.5128205128205128,0.48192771084337344,0.5731879668887543,0.24589060252530673,0.020399751086313478,0.01022598377813938,0.23571683521713263,0.5674338784575005,2.8559,71.782,9.104,205
real_or_fake_text,0.4080832004547119,0.8598726114649682,0.0,0.0,0.0,0.5,0.12049170351738407,0.0,0.0,0.12049170351738407,0.5,0.8471337579617835,0.0,0.0,0.0,0.47508417508417505,0.1395927240106516,0.019990063884455664,0.0008890433911881435,0.12049170351738407,0.4925925925925926,0.4585987261146497,0.13793103448275862,0.5454545454545454,0.22018348623853207,0.5333333333333333,0.34239637189234656,0.2287507111129278,0.0068460427379653105,0.12049170351738407,0.4949494949494949,0.8598726114649682,0.0,0.0,0.0,0.5053872053872054,0.12128875494089451,0.006620397623917251,0.005823346200406809,0.12049170351738407,0.5,2.2105,71.025,9.048,157
reasoning_about_colored_objects,0.6635938882827759,0.5902439024390244,0.0,0.0,0.0,0.5,0.24185603807257583,0.0,0.0,0.24185603807257583,0.5,0.5902439024390244,0.0,0.0,0.0,0.3531090121999213,0.39604085001574135,0.15418481194316552,0.0,0.24185603807257583,0.5,0.697560975609756,0.84375,0.32142857142857145,0.4655172413793104,0.6978551751279024,0.21939360287231696,0.028646838235010935,0.0511092734352698,0.24185603807257583,0.6400531286894924,0.5853658536585366,0.49019607843137253,0.2976190476190476,0.37037037037037035,0.5983864620228257,0.2354470071707524,0.012842970071622994,0.019252000973446426,0.24185603807257583,0.5413715072805982,2.8268,72.519,9.198,205
riddle_sense,0.7807275652885437,0.6,0.6,1.0,0.7499999999999999,0.5,0.24,0.0,0.0,0.24,0.5,0.4,0.0,0.0,0.0,0.5,0.5888480169195065,0.4388480169195065,0.09,0.24,0.5,0.7,0.7142857142857143,0.8333333333333334,0.7692307692307692,0.45833333333333337,0.27747691387856854,0.06795310435475901,0.030476190476190462,0.24,0.6666666666666667,0.5,1.0,0.16666666666666666,0.2857142857142857,0.3333333333333333,0.2921440490034909,0.06992182678126804,0.017777777777777143,0.24,0.5833333333333334,0.1629,61.404,12.281,10
ruin_names,0.701661229133606,0.5444444444444444,0.0,0.0,0.0,0.5,0.24802469135802468,0.0,0.0,0.24802469135802468,0.5,0.5222222222222223,0.3333333333333333,0.04878048780487805,0.0851063829787234,0.4260826281732205,0.37916316266739797,0.1340296570687761,0.002891185759402809,0.24802469135802468,0.4835739173718268,0.5,0.47435897435897434,0.9024390243902439,0.6218487394957983,0.5087108013937283,0.35270444365363757,0.11607780863990577,0.01139805634429289,0.24802469135802468,0.5328521652563465,0.43333333333333335,0.421875,0.6585365853658537,0.5142857142857142,0.39920358387257343,0.2542526787790472,0.013011437096290102,0.006783449675267561,0.24802469135802468,0.45171727227476355,1.2419,72.467,9.662,90
salient_translation_error_detection,0.533911943435669,0.775,0.0,0.0,0.0,0.5,0.174375,0.0,0.0,0.174375,0.5,0.775,0.0,0.0,0.0,0.5978494623655913,0.20260536939682947,0.03502374989588222,0.006793380499052759,0.174375,0.5,0.33,0.24277456647398843,0.9333333333333333,0.3853211009174312,0.5853763440860216,0.3299116402850453,0.16404803519388605,0.00851139490884073,0.174375,0.5440860215053763,0.775,0.0,0.0,0.0,0.5207168458781362,0.17462442111943727,0.0031361488082244093,0.002886727688787144,0.174375,0.5,2.7742,72.093,9.012,200
sentence_ambiguity,0.5947574973106384,0.8333333333333334,0.8333333333333334,1.0,0.9090909090909091,0.5,0.13888888888888887,0.0,0.0,0.13888888888888887,0.5,0.16666666666666666,0.0,0.0,0.0,0.6,0.7887063316581261,0.6775952205470149,0.02777777777777775,0.13888888888888887,0.5,0.8333333333333334,0.8333333333333334,1.0,0.9090909090909091,0.4,0.1764536948829791,0.0514536948829791,0.013888888888888867,0.13888888888888887,0.5,0.8333333333333334,0.8333333333333334,1.0,0.9090909090909091,0.3,0.2012447514390434,0.06314951334380522,0.0007936507936506798,0.13888888888888887,0.5,0.186,64.507,10.751,12
similarities_abstraction,0.6986843943595886,0.5333333333333333,0.5333333333333333,1.0,0.6956521739130436,0.5,0.24888888888888885,0.0,0.0,0.24888888888888885,0.5,0.4666666666666667,0.0,0.0,0.0,0.6428571428571428,0.466557461659365,0.2856050807069841,0.0679365079365079,0.24888888888888885,0.5,0.5333333333333333,0.5333333333333333,1.0,0.6956521739130436,0.6785714285714286,0.3890812172796348,0.21963677283519034,0.0794444444444444,0.24888888888888885,0.5,0.5333333333333333,0.5333333333333333,1.0,0.6956521739130436,0.6428571428571428,0.2526776264871872,0.06601095982052052,0.06222222222222215,0.24888888888888885,0.5,0.2206,67.996,9.066,15
simple_ethical_questions,0.6991663575172424,0.6956521739130435,0.0,0.0,0.0,0.5,0.21172022684310024,0.0,0.0,0.21172022684310024,0.5,0.6956521739130435,0.0,0.0,0.0,0.8303571428571428,0.2510759447262822,0.13271845680357686,0.09336273892039489,0.21172022684310024,0.5,0.43478260869565216,0.3125,0.7142857142857143,0.43478260869565216,0.4375,0.3740139212558167,0.16531826908190367,0.0030245746691872355,0.21172022684310024,0.5133928571428572,0.391304347826087,0.3333333333333333,1.0,0.5,0.7678571428571428,0.25301649139474996,0.12741262666045033,0.08611636210880061,0.21172022684310024,0.5625,0.3416,67.337,8.783,23
snarks,0.7115720510482788,0.5,0.0,0.0,0.0,0.5,0.25,0.0,0.0,0.25,0.5,0.5,0.0,0.0,0.0,0.4506172839506173,0.3276475577601383,0.08073397751322464,0.0030864197530863224,0.25,0.5,0.5,0.5,1.0,0.6666666666666666,0.5246913580246914,0.27809850027593436,0.04545492552709646,0.0173564252511621,0.25,0.5,0.5,0.5,1.0,0.6666666666666666,0.3950617283950617,0.25905290104305134,0.023758783395992578,0.014705882352941235,0.25,0.5,0.5172,69.606,9.668,36
social_iqa,0.7015721797943115,0.6731707317073171,0.0,0.0,0.0,0.5,0.2200118976799524,0.0,0.0,0.2200118976799524,0.5,0.6731707317073171,0.0,0.0,0.0,0.5439108803807051,0.29799649895861885,0.08369533099891432,0.005710729720247887,0.2200118976799524,0.5,0.3951219512195122,0.33136094674556216,0.835820895522388,0.47457627118644063,0.5254163962794722,0.3417208707400246,0.12730297025603443,0.005593997195962236,0.2200118976799524,0.5084901579061215,0.4195121951219512,0.34523809523809523,0.8656716417910447,0.49361702127659574,0.5940947436729396,0.25420369478714416,0.04989475169771285,0.015702954590521095,0.2200118976799524,0.5342850962578412,2.8539,71.831,9.11,205
social_support,1.2761253118515015,0.888268156424581,0.0,0.0,0.0,0.5,0.0992478387066571,0.0,0.0,0.0992478387066571,0.5,0.6480446927374302,0.0784313725490196,0.2,0.11267605633802816,0.37232704402515726,0.23238584464766057,0.13313800594100347,0.0,0.0992478387066571,0.45220125786163523,0.11173184357541899,0.10734463276836158,0.95,0.19289340101522842,0.3594339622641509,0.637508183021949,0.5382653132777561,4.968962464199644e-06,0.0992478387066571,0.4781446540880503,0.11173184357541899,0.11173184357541899,1.0,0.20100502512562812,0.3776729559748428,0.510153424061807,0.4110879292169144,0.00018234386176455009,0.0992478387066571,0.5,2.4771,72.261,9.285,179
sports_understanding,0.6964452266693115,0.5177664974619289,0.5177664974619289,1.0,0.6822742474916388,0.5,0.24968435156793525,0.0,0.0,0.24968435156793525,0.5,0.48223350253807107,0.0,0.0,0.0,0.49122807017543857,0.5131691678704547,0.2649339152425648,0.0014490989400453291,0.24968435156793525,0.5,0.5177664974619289,0.5177664974619289,1.0,0.6822742474916388,0.4754385964912281,0.2622899473360241,0.01931602564516416,0.006710429877075291,0.24968435156793525,0.5,0.5177664974619289,0.5177664974619289,1.0,0.6822742474916388,0.40598555211558307,0.25163190374576055,0.0033284038793425508,0.0013808517015172495,0.24968435156793525,0.5,2.7398,71.902,9.125,197
strange_stories,0.6859874725341797,0.53125,0.53125,1.0,0.6938775510204082,0.5,0.2490234375,0.0,0.0,0.2490234375,0.5,0.46875,0.0,0.0,0.0,0.43137254901960786,0.44392740968758937,0.20226074302092267,0.007356770833333304,0.2490234375,0.5,0.46875,0.5,0.7058823529411765,0.5853658536585366,0.44705882352941173,0.2888394452254953,0.056696588082638166,0.01688058035714285,0.2490234375,0.4529411764705883,0.53125,0.625,0.29411764705882354,0.4,0.615686274509804,0.24655284525978405,0.04035766982118752,0.04282826206140347,0.2490234375,0.5470588235294118,0.4655,68.748,8.593,32
strategyqa,0.6711382865905762,0.6,0.6,1.0,0.7499999999999999,0.5,0.24000000000000002,0.0,0.0,0.24000000000000002,0.5,0.4292682926829268,0.875,0.056910569105691054,0.10687022900763359,0.5997422169343644,0.360833533704815,0.13449929346964598,0.013665759764830976,0.24000000000000002,0.5223577235772358,0.6,0.6,1.0,0.7499999999999999,0.607674003569304,0.2358038753297452,0.017855784105352573,0.022051908775607393,0.24000000000000002,0.5,0.6,0.6,1.0,0.7499999999999999,0.6055919095776323,0.23910327713231627,0.013867346057535923,0.01476406892521967,0.24000000000000002,0.5,2.8015,73.175,9.281,205
suicide_risk,0.6274011135101318,0.625,0.0,0.0,0.0,0.5,0.234375,0.0,0.0,0.234375,0.5,0.625,0.0,0.0,0.0,0.8,0.35472942229326476,0.26097942229326476,0.140625,0.234375,0.5,0.625,0.0,0.0,0.0,0.4666666666666666,0.23068622308912967,0.06401955642246299,0.06770833333333331,0.234375,0.5,0.625,0.0,0.0,0.0,0.7333333333333333,0.21849367176614531,0.07266033843281183,0.08854166666666652,0.234375,0.5,0.1256,63.69,7.961,8
swahili_english_proverbs,0.700226366519928,0.5483870967741935,0.5483870967741935,1.0,0.7083333333333333,0.5,0.24765868886576478,0.0,0.0,0.24765868886576478,0.5,0.45161290322580644,0.5,0.058823529411764705,0.10526315789473684,0.5966386554621849,0.503908407403595,0.29906969772617564,0.0428199791883454,0.24765868886576478,0.49369747899159666,0.5483870967741935,0.5483870967741935,1.0,0.7083333333333333,0.5630252100840336,0.3537394168517814,0.1483630727657599,0.0422823447797433,0.24765868886576478,0.5,0.41935483870967744,0.4444444444444444,0.23529411764705882,0.30769230769230765,0.38655462184873945,0.25353718119238755,0.005883222248105835,4.729921483065391e-06,0.24765868886576478,0.43907563025210083,0.4498,68.922,8.893,31
swedish_to_german_proverbs,0.697108268737793,0.5714285714285714,0.0,0.0,0.0,0.5,0.24489795918367344,0.0,0.0,0.24489795918367344,0.5,0.5714285714285714,0.0,0.0,0.0,0.49999999999999994,0.39672982171677357,0.18839648838344025,0.03656462585034012,0.24489795918367344,0.5,0.42857142857142855,0.42857142857142855,1.0,0.6,0.6041666666666667,0.41754744807599703,0.21278554331409227,0.04013605442176868,0.24489795918367344,0.5,0.5714285714285714,0.0,0.0,0.0,0.3125,0.2518803544406447,0.032100134660424884,0.025117739403453604,0.24489795918367344,0.5,0.2244,62.378,8.911,14
symbol_interpretation,0.5584637522697449,0.7777777777777778,0.0,0.0,0.0,0.5,0.17283950617283952,0.0,0.0,0.17283950617283952,0.5,0.7777777777777778,0.0,0.0,0.0,0.5213990554899646,0.22197445679320824,0.05251282090007928,0.0033778702797105653,0.17283950617283952,0.5,0.3282828282828283,0.2236024844720497,0.8181818181818182,0.35121951219512193,0.48642266824085,0.4221122675316508,0.25089245194739873,0.0016196905885874635,0.17283950617283952,0.5032467532467533,0.7777777777777778,0.0,0.0,0.0,0.5382231404958677,0.1851288276867382,0.015189234074938662,0.0028999125610399967,0.17283950617283952,0.5,2.7408,72.242,9.121,198
temporal_sequences,0.6366581916809082,0.675,0.0,0.0,0.0,0.5,0.219375,0.0,0.0,0.219375,0.5,0.675,0.0,0.0,0.0,0.5084900284900286,0.300945381906828,0.08813301681277927,0.006562634905951242,0.219375,0.5,0.47,0.35251798561151076,0.7538461538461538,0.48039215686274506,0.5512250712250713,0.3046938861844343,0.09744463878432486,0.012125752599890516,0.219375,0.5435897435897435,0.675,0.0,0.0,0.0,0.45048433048433045,0.2221671489533633,0.004156944871730628,0.0013647959183673009,0.219375,0.5,2.7222,73.47,9.184,200
timedial,0.6859307885169983,0.5609756097560976,0.0,0.0,0.0,0.5,0.2462819750148721,0.0,0.0,0.2462819750148721,0.5,0.5609756097560976,0.0,0.0,0.0,0.5305314009661836,0.42172497910162554,0.1880014815725326,0.012558477485779151,0.2462819750148721,0.5,0.4975609756097561,0.46285714285714286,0.9,0.6113207547169811,0.6340096618357488,0.3046998258385668,0.08853712444493655,0.030119273621241838,0.2462819750148721,0.5413043478260869,0.5609756097560976,0.0,0.0,0.0,0.5103381642512077,0.24652544109055752,0.010123737597445254,0.009880271521759826,0.2462819750148721,0.5,2.8664,71.519,9.071,205
tracking_shuffled_objects,0.5092880725860596,0.775609756097561,0.0,0.0,0.0,0.5,0.17403926234384293,0.0,0.0,0.17403926234384293,0.5,0.775609756097561,0.0,0.0,0.0,0.441618813234892,0.22252891293069582,0.055117343527043644,0.006627692940190749,0.17403926234384293,0.5,0.33658536585365856,0.23837209302325582,0.8913043478260869,0.3761467889908257,0.5649439431227782,0.4204635966501894,0.2530362702152936,0.006611935908947125,0.17403926234384293,0.5337024883784522,0.775609756097561,0.0,0.0,0.0,0.6687175280284385,0.16523337501976074,0.010092378582110734,0.018898265906192924,0.17403926234384293,0.5,2.7917,73.431,9.313,205
understanding_fables,0.6014417409896851,0.7105263157894737,0.0,0.0,0.0,0.5,0.20567867036011084,0.0,0.0,0.20567867036011084,0.5,0.7105263157894737,0.0,0.0,0.0,0.5218855218855218,0.2820210262535444,0.10219646485003564,0.025854108956602062,0.20567867036011084,0.5,0.5263157894736842,0.36,0.8181818181818182,0.5,0.531986531986532,0.316942037787326,0.12776910545649892,0.016505738029283762,0.20567867036011084,0.6127946127946128,0.7105263157894737,0.0,0.0,0.0,0.5656565656565656,0.20592895950201426,0.017127242643021817,0.016876953501118397,0.20567867036011084,0.5,0.5378,70.654,9.297,38
undo_permutation,0.5442503094673157,0.5333333333333333,0.5333333333333333,1.0,0.6956521739130436,0.5,0.24888888888888897,0.0,0.0,0.24888888888888897,0.5,0.4666666666666667,0.0,0.0,0.0,0.6517857142857143,0.5155686905023041,0.34185595337493285,0.07517615176151768,0.24888888888888897,0.5,0.5833333333333334,0.5636363636363636,0.96875,0.7126436781609196,0.7734375,0.2698879496738005,0.09675608154193233,0.07575702075702082,0.24888888888888897,0.5558035714285714,0.7666666666666667,0.725,0.90625,0.8055555555555555,0.8549107142857143,0.1792595919574999,0.058192340495511446,0.1278216374269005,0.24888888888888897,0.7566964285714286,0.8725,68.766,9.169,60
unit_conversion,0.6098460555076599,0.6484375,0.6484375,1.0,0.7867298578199052,0.5,0.22796630859375,0.0,0.0,0.22796630859375,0.5,0.3515625,0.0,0.0,0.0,0.5440428380187416,0.6443942102309057,0.44237288086582627,0.02594497922867059,0.22796630859375,0.5,0.6484375,0.6727272727272727,0.891566265060241,0.7668393782383419,0.8164658634538152,0.21197101895494097,0.0655401790885066,0.08153546872731562,0.22796630859375,0.5457831325301205,0.6484375,0.6484375,1.0,0.7867298578199052,0.7311914323962516,0.20994407726446832,0.026447560760139127,0.04446979208942081,0.22796630859375,0.5,1.7509,73.107,9.138,128
unit_interpretation,0.6536439061164856,0.65,0.0,0.0,0.0,0.5,0.22749999999999998,0.0,0.0,0.22749999999999998,0.5,0.65,0.0,0.0,0.0,0.15384615384615385,0.33046443448282525,0.10296443448282527,0.0,0.22749999999999998,0.5,0.5,0.0,0.0,0.0,0.31868131868131866,0.283643462853831,0.05626251047287861,0.00011904761904757422,0.22749999999999998,0.38461538461538464,0.7,1.0,0.14285714285714285,0.25,0.5604395604395604,0.230409882725979,0.0370765493926456,0.03416666666666657,0.22749999999999998,0.5714285714285714,0.307,65.152,9.773,20
vitaminc_fact_verification,0.7331340312957764,0.8829268292682927,0.0,0.0,0.0,0.5,0.10336704342653182,0.0,0.0,0.10336704342653182,0.5,0.8829268292682927,0.0,0.0,0.0,0.44337016574585636,0.10875036449075261,0.007722690174600574,0.0023393691103797826,0.10336704342653182,0.5,0.11707317073170732,0.11707317073170732,1.0,0.2096069868995633,0.44613259668508287,0.7875698521421595,0.6858381448250863,0.0016353361094586238,0.10336704342653182,0.5,0.21951219512195122,0.10919540229885058,0.7916666666666666,0.1919191919191919,0.4479742173112339,0.2699530043168869,0.1684419095066907,0.0018559486163356037,0.10336704342653182,0.4676565377532228,2.8364,72.275,9.167,205
what_is_the_tao,0.6953358054161072,0.5714285714285714,0.5714285714285714,1.0,0.7272727272727273,0.5,0.24489795918367346,0.0,0.0,0.24489795918367346,0.5,0.42857142857142855,0.0,0.0,0.0,0.5833333333333334,0.5099672777168297,0.31949108724063924,0.05442176870748297,0.24489795918367346,0.5,0.5714285714285714,0.5714285714285714,1.0,0.7272727272727273,1.0,0.22812586324912537,0.22812586324912537,0.24489795918367346,0.24489795918367346,0.5,0.5714285714285714,0.5714285714285714,1.0,0.7272727272727273,0.3333333333333333,0.2510274974859123,0.008170354628769028,0.0020408163265301926,0.24489795918367346,0.5,0.1366,51.244,7.321,7
which_wiki_edit,0.5384246706962585,0.7807017543859649,0.0,0.0,0.0,0.5,0.17120652508464143,0.0,0.0,0.17120652508464143,0.5,0.7807017543859649,0.0,0.0,0.0,0.4489887640449438,0.21903463475526108,0.04879107936116753,0.0009629696905478768,0.17120652508464143,0.5,0.20175438596491227,0.18867924528301888,0.8,0.30534351145038174,0.5244943820224719,0.548138107711768,0.38388656977601954,0.006954987148892977,0.17120652508464143,0.41685393258426967,0.7807017543859649,0.0,0.0,0.0,0.49887640449438203,0.17652147506227123,0.009034356718219727,0.003719406740589931,0.17120652508464143,0.5,1.6017,71.175,9.365,114
winowhy,0.7113566994667053,0.5121951219512195,0.0,0.0,0.0,0.5,0.2498512790005948,0.0,0.0,0.2498512790005948,0.5,0.5121951219512195,0.0,0.0,0.0,0.5122857142857142,0.38519790084920236,0.14643320455562292,0.011086582707015374,0.2498512790005948,0.5,0.4878048780487805,0.4878048780487805,1.0,0.6557377049180327,0.6495238095238095,0.29167632495512025,0.07091746043370192,0.029092414479176487,0.2498512790005948,0.5,0.4878048780487805,0.4878048780487805,1.0,0.6557377049180327,0.5627619047619047,0.25898272203044764,0.022080090180080447,0.012948647150227616,0.2498512790005948,0.5,2.8434,72.096,9.144,205
